0,20008,書,ARQETYPE,0_VS,9,14,21,27,31,-,827,951,-,1:40,240,-,-,2023/11/10,Sohbana,あーきたいぷ  ,,
1,14025,既,嗚呼、素晴らしきニャン生,4_WxS,8,13,18,24,29,-,1125,1374,-,2:30,194,原曲/2D,-,2023/6/12,Nem,ああすばらしきにゃんせい  ,,0.529799493
2,21015,書,相生,1_L/n,6,13,18,22,26,-,879,1232,-,2:42,140,2D,-,2023/4/11,やいり,あいおい  ,,0.419254705
3,10017,既,愛されなくても君がいる,0_VS,7,12,16,23,27,-,914,1075,-,2:20,150,原曲,-,2020/11/30,ピノキオピー,あいされなくてもきみがいる  ,,0.11064246
4,15015,既,愛して愛して愛して,5_25,5,12,16,25,28,-,928,1173,-,2:10,115,2D/3D,3,2022/2/7,きくお,あいしてあいしてあいして  ,,0.692029531
5,22006,書,アイスドロップ,2_MMJ,7,12,18,24,27,-,704,802,-,1:46,158,3D,5,2021/8/18,aqu3ra,あいすどろっぷ  ,,0.855086749
6,25005,書,アイディスマイル,5_25,7,12,17,25,28,26,985,1247,1216,2:15,171,2D/3D,5,2021/4/19,とあ,あいでぃすまいる  ,,0.613120978
7,19001,書,アイデンティティ,9_oth,9,13,18,26,31,-,1196,1489,-,2:37,195,2D,-,2022/5/1,Kanaria,あいでんてぃてぃ  ,,0.7032534
8,22001,書,アイドル新鋭隊,2_MMJ,8,12,17,24,29,-,754,940,-,1:46,176,3D,5,2020/9/30,Mitchie M,あいどるしんえいたい  ,,0.759236189
9,25013,書,Iなんです,5_25,8,13,18,26,31,33,910,1066,1572,1:46,185*,2D,-,2022/11/20,れるりり,あいなんです  ,,0.361521042
10,10143,既,あいのうた,0_VS,6,12,16,25,29,-,950,1064,-,2:03,139,-,-,2024/4/2,大漠波新,あいのうた  ,,0.590134377
11,10149,公,I know 愛脳.,0_VS,7,14,20,26,31,-,1016,1119,-,2:02,150,-,-,2024/5/20,吉田夜世,あいのーあいのう,,0.557276096
12,22005,書,アイノマテリアル,2_MMJ,6,11,16,22,26,-,643,814,-,2:04,120,2D,-,2021/5/21,Junky,あいのまてりある  ,,0.376354291
13,20007,書,アイムマイン,0_VS,6,13,19,25,29,-,1058,1189,-,2:37,135,3D,6,2023/10/1,halyosy,あいむまいん  ,,0.8952447
14,15023,既,アイロニ,5_25,5,11,17,23,28,-,861,943,-,2:24,90,原曲,-,2023/2/13,すこっぷ,あいろに  ,,0.6019002
15,23009,書,Awake Now,3_VBS,6,12,17,24,30,29,723,884,1049,2:02,117,2D,-,2022/5/31,雄之助,あうぇいくなう  ,,0.997816528
16,13018,既,阿吽のビーツ,3_VBS,6,13,18,23,29,-,802,918,-,2:16,103,原曲,-,2022/6/6,羽生まゐご,あうんのびーつ  ,,0.837433848
17,19002,書,青色絵具,9_oth,6,12,16,24,27,-,846,1058,-,2:36,126,2D,-,2022/5/2,くじら,あおいろえのぐ  ,,0.301452262
18,11005,既,青く駆けろ！,1_L/n,8,13,17,24,27,30,919,1048,1446,1:57,190,-,-,2020/10/17,まらしぃ,あおくかけろ  ,,0.499493603
19,10100,既,悪食娘コンチータ,0_VS,7,13,19,26,29,-,791,851,-,1:42,160,-,-,2023/5/3,mothy,あくじきむすめこんちーた  ,,0.607749947
20,10103,既,悪徳のジャッジメント,0_VS,6,12,17,24,28,-,777,983,-,2:08,140,-,-,2023/5/6,mothy,あくとくのじゃっじめんと  ,,0.646168064
21,10038,既,悪ノ娘,0_VS,6,12,17,24,27,-,609,784,-,1:32,140,-,-,2021/12/13,mothy,あくのむすめ,,0.625281787
22,10039,既,悪ノ召使,0_VS,6,12,17,24,27,-,609,784,-,1:34,120,-,-,2021/12/14,mothy,あくのめしつかい  ,,0.556100441
23,13012,既,悪魔の踊り方,3_VBS,5,12,19,26,31,-,792,938,-,1:58,106,2D/3D,5,2021/10/8,キタニタツヤ,あくまのおどりかた  ,,0.975315374
24,12028,既,悪役にキスシーンを,2_MMJ,6,12,18,25,29,-,998,1188,-,2:33,124,3D,5,2023/10/23,40mP,あくやくにきすしーんを  ,,0.542872938
25,10140,公,アコトバ,0_VS,6,12,19,24,29,-,664,857,-,2:10,125,-,-,2024/3/15,原口沙輔,あことば  ,,0.076746191
26,11004,既,アスノヨゾラ哨戒班,1_L/n,8,12,17,25,29,-,1073,1208,-,2:08,185,原曲,-,2020/10/1,Orangestar,あすのよぞらしょうかいはん  ,,0.650563442
27,10154,公,あちこちデートさん,0_VS,5,11,16,22,30,-,693,829,-,2:02,102*,-,-,2024/8/4,駄菓子O型,あちこちでーとさん  ,,0.490120233
28,10068,既,あったかいと,0_VS,8,13,18,24,29,-,1026,1376,-,2:29,178,-,-,2022/11/28,halyosy,あったかいと  ,,0.09731088
29,11024,既,アトラクトライト,1_L/n,8,14,17,25,30,-,1295,1455,-,2:25,196,2D,-,2023/3/24,*Luna,あとらくとらいと  ,,0.405920943
30,10111,既,Afterglow,0_VS,8,11,16,23,27,-,727,844,-,2:27,183*,3D,1,2023/7/7,ジミーサムP,あふたーぐろう  ,,0.788864744
31,11021,既,天ノ弱,1_L/n,8,12,17,25,29,-,982,1131,-,1:49,200*,2D,-,2022/10/1,164,あまのじゃく  ,,0.937432165
32,20004,書,ÅMARA(大未来電脳),0_VS,8,14,19,28,34,-,1342,1589,-,2:35,115*,原曲*9,-,2022/10/11,sasakure.UK,あまらだいみらいでんのう,,0.044751792
33,13016,既,雨とペトラ,3_VBS,9,12,18,25,29,-,976,1206,-,2:05,195,-,-,2022/3/22,バルーン,あめとぺとら  ,,0.834069251
34,10006,公,alive,0_VS,6,11,16,23,27,-,804,1016,-,1:58,128,-,-,2020/9/30,市瀬るぽ,あらいぶ  ,,0.258089676
35,10110,既,UNDERWATER,0_VS,6,11,16,24,29,-,971,1062,-,2:29,145,原曲,-,2023/6/28,Hylen,あんだーうぉーたー  ,,0.142878544
36,22024,書,アンチユー,2_MMJ,6,12,17,24,28,-,610,820,-,2:00,129,2D,-,2025/2/10,Chinozo,あんちゆー  ,,0.663634756
37,10156,既,アンテナ39,0_VS,6,13,18,25,30,-,1039,1139,-,2:06,147,原曲,-,2024/8/30,柊マグネタイト,あんてなさんきゅー,,0.380895578
38,10016,既,アンノウン・マザーグース,0_VS,8,12,17,26,30,-,1080,1292,-,2:17,222,-,-,2020/11/23,wowaka,あんのうんまざーぐーす,,0.936024906
39,10059,既,アンハッピーリフレイン,0_VS,9,13,19,26,31,-,1137,1353,-,2:13,205,-,-,2022/10/2,wowaka,あんはっぴーりふれいん  ,,0.221175518
40,10168,既,アンヘル,0_VS,8,12,19,27,31,33,917,1187,1503,2:05,184,-,-,2024/12/30,かいりきベア,あんへる  ,,0.444663825
41,20016,書,Unpoison,0_VS,5,12,17,23,28,-,714,897,-,2:02,119,-,-,2024/9/24,袖野あらわ,あんぽいずん  ,,0.073375576
42,20006,書,Un-Lock,0_VS,6,12,18,24,28,-,894,1096,-,2:19,130,-,-,2023/9/19,無力P,あんろっく  ,,0.897904514
43,14014,既,いーあるふぁんくらぶ,4_WxS,6,12,17,24,28,26,863,1002,1015,2:06,145,2D/3D,5,2022/3/14,みきとP,いーあるふぁんくらぶ  ,,0.428890981
44,10153,公,イガク,0_VS,7,14,20,25,31,-,892,1226,-,2:01,170,-,-,2024/8/3,原口沙輔,いがく  ,,0.66894235
45,11010,既,いかないで,1_L/n,8,13,18,25,29,27,977,1173,1212,1:56,191,3D,5,2021/5/28,想太,いかないで  ,,0.976120822
46,21004,書,「１」,1_L/n,8,13,16,23,27,28,619,814,1001,1:38,150*,2D,-,2021/4/21,164,いち  ,,0.131733535
47,14023,既,1925,4_WxS,6,11,17,24,28,-,887,1117,-,2:22,145,-,-,2023/2/15,T-POCKET,いちきゅーにーごー  ,,0.602476152
48,10064,公,いちにのさんで,0_VS,5,11,15,22,26,-,595,715,-,2:42,83,-,-,2022/10/31,nogumi,いちにのさんで  ,,0.345504616
49,10130,既,一千光年,0_VS,8,13,18,25,30,31,941,1141,1496,1:56,192,原曲,-,2023/12/31,いよわ,いっせんこうねん  ,,0.541181586
50,15004,既,命に嫌われている,5_25,9,14,18,26,30,-,756,979,-,1:40,200,2D,-,2020/10/5,カンザキイオリ,いのちにきらわれている  ,,0.326746401
51,15024,既,命ばっかり,5_25,6,14,18,25,28,-,1037,1092,-,2:11,128,-,-,2023/4/24,ぬゆり,いのちばっかり  ,,0.760494814
52,22009,書,イフ,2_MMJ,6,12,18,23,27,-,845,1062,-,2:10,135,2D/3D,5,2022/5/8,ユリイ・カノン (月詠み),いふ  ,,0.307115852
53,13008,既,威風堂々,3_VBS,6,12,17,24,28,29,975,1166,1269,2:25,130,2D/3D,3,2021/3/15,梅とら,いふうどうどう  ,,0.706034157
54,22025,書,イレヴンス,2_MMJ,6,12,16,23,27,-,677,699,-,1:38,128,2D/3D,5,2025/5/29,ポリスピカデリー,いれゔんす  ,,0.775650506
55,10095,既,インタビュア,0_VS,6,12,16,23,26,-,1006,1097,-,2:26,125,原曲,-,2023/4/2,クワガタP,いんたびゅあ  ,,0.368944036
56,21019,書,インテグラル,1_L/n,8,12,16,24,28,-,868,868,-,1:57,192,2D/3D,5,2024/3/1,*Luna,いんてぐらる  ,,0.590798093
57,10061,既,インビジブル,0_VS,8,13,19,28,32,-,1385,1436,-,2:24,192,-,-,2022/10/5,kemu,いんびじぶる  ,,0.028220625
58,12018,既,ヴァンパイア,2_MMJ,7,12,18,25,30,27,1029,1299,1433,2:22,164,2D/3D,5,2022/6/20,DECO*27,ゔぁんぱいあ  ,,0.874827196
59,10093,既,Vampire's ∞ pathoS,0_VS,8,13,19,27,31,-,992,1100,-,2:04,134,原曲,-,2023/3/31,ひとしずく×やま△,ゔぁんぱいあずぱとす  ,,0.801184961
60,15013,既,ヴィラン,5_25,6,13,18,25,29,-,984,1154,-,2:30,102,2D/3D,2,2021/12/31,てにをは,ゔぃらん  ,,0.68610648
61,10083,公,Where shall we go?,0_VS,6,11,16,21,26,-,594,735,-,1:59,119,-,-,2023/2/24,めろくる,うぇあしゃるうぃーごー  ,,0.654575402
62,13033,既,WAVE,3_VBS,6,12,17,24,28,-,794,837,-,1:57,130,-,-,2024/8/13,niki,うぇーぶ  ,,0.872457058
63,21011,書,Voices,1_L/n,8,13,18,25,30,-,1144,1237,-,2:05,190,2D/3D,5,2022/9/7,ゆよゆっぺ,ゔぉいしーず,,0.204829629
64,10029,公,泡沫未来,0_VS,8,12,17,25,30,30,750,903,1070,1:44,179,-,-,2021/6/14,加賀 (ネギシャワーP),うたかたみらい  ,,0.519412373
65,15014,既,うっせぇわ,5_25,8,12,17,24,28,-,1035,1302,-,2:16,178,原曲,-,2022/1/31,Ado×syudou,うっせぇわ  ,,0.553195809
66,23011,書,虚ろを扇ぐ,3_VBS,5,11,17,23,27,30,908,1112,1233,2:37,124,2D,-,2022/9/20,獅子志司,うつろをあおぐ  ,,0.802623201
67,11006,既,ウミユリ海底譚,1_L/n,6,13,17,23,28,-,737,833,-,1:43,120,2D/3D,5,2020/12/1,n-buna,うみゆりかいていたん  ,,0.025244572
68,10015,既,裏表ラバーズ,0_VS,8,12,18,26,30,-,1017,1151,-,1:51,159,-,-,2020/11/21,wowaka,うらおもてらばーず  ,,0.37234806
69,23020,書,ULTRA C,3_VBS,6,12,18,25,28,-,651,769,-,1:37,128,2D/3D,5,2024/7/7,Giga & TeddyLoid,うるとらしー  ,,0.453893252
70,13031,既,え？あぁ、そう。,3_VBS,8,12,18,25,30,-,838,1028,-,1:51,192,-,-,2024/2/1,蝶々P,えあぁそう,,0.087113801
71,14018,既,エイリアンエイリアン,4_WxS,7,12,18,25,29,-,1208,1361,-,2:24,152,2D,-,2022/7/11,ナユタン星人,えいりあんえいりあん  ,,0.013979951
72,13023,既,エゴイスト,3_VBS,8,14,18,26,31,-,1303,1548,-,2:27,180,2D/3D,5,2023/3/13,大沼パセリ,えごいすと  ,,0.738505304
73,13006,既,ECHO,3_VBS,6,12,16,23,26,-,659,805,-,1:39,140,2D,-,2021/1/2,Crusher P,えこー  ,,0.139524364
74,14020,既,エゴロック,4_WxS,9,13,18,25,31,-,1041,1277,-,1:52,225,3D,5,2022/10/6,すりぃ,えごろっく  ,,0.180071944
75,10105,公,エターナルアリア,0_VS,8,14,19,27,30,-,1272,1364,-,2:19,184,-,-,2023/5/22,Adeliae,えたーなるありあ  ,,0.081769545
76,10090,公,エピローグに君はいない,0_VS,5,11,16,23,26,-,596,625,-,1:53,85,-,-,2023/3/16,砂糖原材料,えぴろーぐにきみはいない  ,,0.256644485
77,10141,既,えれくとりっく・えんじぇぅ,0_VS,7,12,17,24,29,-,927,1176,-,2:06,150,-,-,2024/3/30,ヤスオ,えれくとりっくえんじぇぅ  ,,0.176086876
78,15030,既,エンヴィーベイビー,5_25,7,13,17,23,28,-,969,1251,-,2:17,171,3D,5,2024/1/3,Kanaria,えんゔぃーべいびー  ,,0.773827647
79,11040,既,エンヴィキャットウォーク,1_L/n,8,12,18,26,30,-,932,1222,-,2:11,160*,-,-,2025/5/26,トーマ,えんゔぃきゃっとうぉーく  ,,0.722283042
80,25016,書,演劇,5_25,8,11,17,24,28,-,983,984,-,2:06,176*,3D,5,2023/7/19,ナノウ,えんげき  ,,0.193562837
81,39001,既,エンドマークに希望と涙を添えて,9_oth,9,15,23,31,35,-,1553,1948,-,2:22,257,原曲,-,2022/1/8,cosMo@暴走P,えんどまーくにきぼうとなみだをそえて  ,,0.323315948
82,25020,書,エンパープル,5_25,6,12,17,24,29,30,813,877,1126,1:59,136,2D,-,2024/6/20,はるまきごはん,えんぱーぷる  ,,0.289445482
83,10102,既,円尾坂の仕立屋,0_VS,8,12,16,24,28,-,842,1007,-,2:00,180,-,-,2023/5/5,mothy,えんびざかのしたてや  ,,0.873089289
84,21009,書,オーダーメイド,1_L/n,5,11,16,21,26,-,480,601,-,2:05,75,3D,5,2022/4/28,傘村トータ,おーだーめいど  ,,0.660078505
85,10129,公,オーバーコード,0_VS,5,12,18,26,30,-,1113,1253,-,2:40,120,-,-,2023/12/22,いえぬ,おーばーこーど  ,,0.225187388
86,12039,既,オーバーライド,2_MMJ,9,14,18,26,31,-,1004,1265,-,2:00,204,3D,5,2025/3/7,吉田夜世,おーばーらいど  ,,0.272864386
87,24022,書,オールセーブチャレンジ,4_WxS,7,13,19,26,30,-,795,918,-,1:37,171,2D/3D,-,2025/4/28,香椎モイミ,おーるせーぶちゃれんじ  ,,0.97679639
88,14009,既,お気に召すまま,4_WxS,6,12,18,24,29,-,808,988,-,1:53,143,3D,5,2021/4/5,Eve,おきにめすまま  ,,0.687564003
89,10146,公,おぎゃりないざー,0_VS,9,15,23,31,34,37,1387,1637,2050,2:08,245*,-,-,2024/4/19,Ponchi♪,おぎゃりないざー  ,,0.601557536
90,14024,既,おこちゃま戦争,4_WxS,8,13,18,27,31,-,1259,1394,-,2:26,175,3D,4,2023/4/17,ギガ,おこちゃませんそう  ,,0.420523862
91,14032,既,おちゃめ機能,4_WxS,7,13,18,24,30,-,933,1171,-,2:06,150,-,-,2024/5/7,ゴジマジP,おちゃめきのう  ,,0.132231759
92,10018,既,ODDS＆ENDS,0_VS,8,12,18,24,29,-,739,921,-,1:34,192,-,-,2020/12/24,ryo (supercell),おっずあんどえんず  ,,0.213981715
93,13015,既,踊,3_VBS,6,13,18,26,29,-,882,1083,-,2:21,128,原曲,-,2022/2/4,Ado×Giga、TeddyLoad & DECO*27,おど,,0.455929846
94,15005,既,乙女解剖,5_25,5,12,16,24,28,-,834,1002,-,1:51,134,原曲/2D,-,2020/11/1,DECO*27,おとめかいぼう  ,,0.728215784
95,14019,既,踊れオーケストラ,4_WxS,8,12,17,24,28,-,845,1068,-,1:50,180,2D,-,2022/8/8,YASUHIRO(康寛),おどれおーけすとら  ,,0.373904148
96,10135,公,おどロボ,0_VS,6,13,18,24,29,-,1266,1339,-,2:44,145,-,-,2024/2/4,海茶,おどろぼ  ,,0.86675893
97,24018,書,オペラ！スペースオペラ！,4_WxS,9,13,19,26,30,31,986,1198,1403,2:06,198,2D/3D,5,2024/5/29,ナユタン星人,おぺらすぺーすおぺら,,0.747380798
98,13013,既,オルターエゴ,3_VBS,8,12,17,26,31,-,1175,1557,-,2:32,176,2D,-,2021/11/10,Misumi,おるたーえご  ,,0.687804351
99,10127,公,On&On,0_VS,6,12,18,23,27,-,712,859,-,1:55,126,-,-,2023/11/13,めろくる,おんあんどおん  ,,0.537901607
100,10011,既,on the rocks,0_VS,7,11,16,23,27,-,857,1004,-,2:07,150,-,-,2020/10/14,OSTER project,おんざろっくす  ,,0.433047837
101,10144,既,ガーネットの涙,0_VS,6,12,16,25,28,-,774,904,-,1:59,139,原曲,-,2024/4/3,香椎モイミ,がーねっとのなみだ  ,,0.173188233
102,11025,既,快晴,1_L/n,7,13,17,25,29,-,1286,1533,-,2:31,172,2D/3D,5,2023/5/1,Orangestar,かいせい  ,,0.576544132
103,25004,書,限りなく灰色へ,5_25,6,12,18,26,31,-,818,849,-,2:02,108,3D,5,2021/2/26,すりぃ,かぎりなくはいいろへ  ,,0.922753002
104,11012,既,カゲロウデイズ,1_L/n,9,14,19,27,31,33,1295,1404,1915,2:24,200,-,-,2021/8/15,じん,かげろうでいず  ,,0.577826306
105,23012,書,仮死化,3_VBS,8,13,17,23,28,28,1019,1186,1328,2:12,184,2D/3D,5,2022/12/19,遼遼,かしｋｑ,,0.573906629
106,15011,既,カトラリー,5_25,5,12,18,25,29,-,686,806,-,1:51,108,原曲/2D,-,2021/9/21,有機酸,かとらりー  ,,0.923976579
107,25006,書,カナデトモスソラ,5_25,6,11,15,22,26,24,522,703,1020,1:55,158,2D,-,2021/6/21,ササノマリイ,かなでともすそら  ,,0.80722904
108,15027,既,神っぽいな,5_25,6,13,18,25,29,-,1035,1162,-,2:28,142,原曲,-,2023/10/10,ピノキオピー,かみっぽいな  ,,0.391575844
109,14016,既,神のまにまに,4_WxS,6,13,18,25,29,-,900,1111,-,2:13,135,3D,5,2022/5/30,れるりり,かみのまにまに  ,,0.027935676
110,22003,書,Color of Drops,2_MMJ,6,12,16,23,28,26,796,918,1028,1:54,152,3D,5,2021/1/29,40mP,からーおぶどろっぷす  ,,0.93685676
111,12014,既,からくりピエロ,2_MMJ,5,11,16,23,27,-,714,1005,-,2:18,102,2D/3D,5,2021/11/29,40mP,からくりぴえろ  ,,0.570383077
112,13014,既,ガランド,3_VBS,7,13,18,24,28,-,761,943,-,2:11,93,-,-,2022/1/3,ピコン,がらんど  ,,0.575022561
113,11020,既,Calc.,1_L/n,7,13,18,25,30,-,1126,1295,-,2:25,173,-,-,2022/9/16,ジミーサムP,かるく  ,,0.980900777
114,10157,既,カルチャ,0_VS,7,13,17,25,28,-,797,1037,-,1:49,172,原曲,-,2024/9/13,ツミキ,かるちゃ  ,,0.855338777
115,10072,既,カンタレラ,0_VS,6,12,17,24,29,-,870,1063,-,2:06,144,原曲,-,2022/12/31,黒うさP (WhiteFlame),かんたれら  ,,0.228712011
116,12035,既,如月アテンション,2_MMJ,8,13,18,25,29,-,855,1155,-,1:58,190,-,-,2024/10/3,じん,きさらぎあてんしょん  ,,0.301656398
117,25015,書,キティ,5_25,6,13,20,28,31,-,982,982,-,1:54,145,2D,-,2023/4/30,ツミキ,きてぃ  ,,0.186059298
118,11031,既,幾望の月,1_L/n,6,14,19,26,29,-,892,998,-,2:05,138,原曲,-,2024/3/27,なきゃむりゃ,きぼうのつき  ,,0.786453629
119,12021,既,気まぐれメルシィ,2_MMJ,7,12,18,25,31,-,1247,1465,-,2:29,160,3D,5,2023/1/2,八王子P,きまぐれめるしぃ  ,,0.609696049
120,10042,既,君色マリンスノウ,0_VS,9,14,19,28,31,-,1339,1415,-,2:32,202,原曲,-,2022/2/5,カルロス袴田 (サイゼP),きみいろまりんすのう  ,,0.588332113
121,10009,既,Gimme×Gimme,0_VS,6,11,18,26,29,-,842,907,-,2:15,105,-,-,2020/10/10,八王子P × Giga,ぎみぎみ  ,,0.210088722
122,10161,既,きみとぼくのレゾナンス,0_VS,7,13,16,24,28,-,896,1115,-,2:12,160*,原曲,-,2024/10/6,斜め上P,きみとぼくのれぞなんす  ,,0.810315602
123,25012,書,君の夜をくれ,5_25,5,11,15,21,26,-,482,662,-,2:02,80,3D,5,2022/8/29,古川本舗,きみのよるをくれ  ,,0.661309825
124,12036,既,キャットフード,2_MMJ,7,12,17,24,28,-,895,1107,-,2:02,174,原曲,-,2024/10/15,doriko,きゃっとふーど  ,,0.869804212
125,15037,既,キャットラビング,5_25,7,12,17,25,30,-,934,1053,-,1:58,163,3D,3,2024/11/13,香椎モイミ,きゃっとらびんぐ  ,,0.220744891
126,10087,既,Q,0_VS,5,12,17,24,28,-,907,998,-,2:11,120**,-,-,2023/3/2,椎名もた,きゅー  ,,0.346450051
127,12025,既,きゅうくらりん,2_MMJ,9,14,20,27,31,-,1141,1148,-,1:49,220,原曲/2D,-,2023/7/3,いよわ,きゅうくらりん  ,,0.351239695
128,15028,既,キュートなカノジョ,5_25,7,13,17,26,30,-,1006,1208,-,2:12,160,原曲,-,2023/11/22,syudou,きゅーとなかのじょ  ,,0.194142673
129,14029,既,強風オールバック,4_WxS,6,13,17,24,28,-,714,955,-,2:17,135,原曲,-,2024/1/1,ゆこぴ,きょうふうおーるばっく  ,,0.546426687
130,14033,既,きょうもハレバレ,4_WxS,6,13,17,24,28,-,793,1033,-,2:01,134,原曲,-,2024/6/10,ふわりP,きょうもはればれ  ,,0.780289081
131,22021,書,キラー,2_MMJ,8,13,19,27,31,33,825,1013,1267,1:38,196,2D/3D,5,2024/8/7,夏代孝明,きらー  ,,0.912835834
132,24014,書,キラピピ★キラピカ,4_WxS,7,11,16,23,27,-,909,909,-,1:42,160,2D,-,2023/8/21,nyanyannya (大天才P),きらぴぴきらぴか  ,,0.169302696
133,14010,既,KING,4_WxS,7,14,19,25,30,28,1002,1251,1388,2:15,166,2D,-,2021/5/17,Kanaria,きんぐ  ,,0.493160238
134,13029,既,金木犀,3_VBS,6,12,17,26,29,-,814,899,-,2:04,123,原曲,-,2023/12/30,くじら,きんもくせい  ,,0.109111916
135,14034,既,QUEEN,4_WxS,8,13,18,25,29,-,1164,1385,-,2:24,170,原曲,-,2024/8/26,Kanaria,くいーん  ,,0.730323395
136,10181,既,クイーンオブハート,0_VS,9,13,17,25,31,-,1189,1212,-,2:05,235,原曲,-,2025/4/4,奏音69 (Royal Scandal),くいーんおぶはーと  ,,0.104883097
137,12030,既,くうになる,2_MMJ,7,13,18,24,29,-,769,945,-,1:49,166,原曲,-,2024/1/5,MIMI,くうになる  ,,0.730688701
138,10126,公,Cool Me Down,0_VS,7,13,19,25,29,-,1159,1250,-,2:29,174,-,-,2023/10/16,Mwk,くーるみーだうん  ,,0.429197743
139,10071,既,腐れ外道とチョコレゐト,0_VS,9,14,21,30,35,-,1396,1763,-,2:12,260,-,-,2022/12/25,ピノキオピー,くされげどうとちょこれゐと  ,,0.999213972
140,10077,既,Goodbye,0_VS,6,12,17,23,26,-,734,860,-,2:08,133,原曲,-,2023/2/1,CircusP,ぐっどばい  ,,0.99401075
141,14017,既,グッバイ宣言,4_WxS,7,12,17,26,30,27,1017,1259,1233,2:06,170,2D,-,2022/6/13,Chinozo,ぐっばいせんげん  ,,0.6609327
142,25001,書,悔やむと書いてミライ,5_25,8,13,17,26,30,-,815,973,-,1:41,194,3D,5,2020/9/30,まふまふ,くやむとかいてみらい  ,,0.381556052
143,10019,既,グリーンライツ・セレナーデ,0_VS,9,14,19,27,31,-,1034,1174,-,2:05,200,原曲,-,2020/12/29,Omoi,ぐりーんらいつせれなーで  ,,0.509456836
144,10174,既,クリスタルスノウ,0_VS,6,12,17,23,26,-,694,773,-,1:45,135,原曲,-,2025/2/8,aqu3ra,くりすたるすのう  ,,0.967602167
145,23016,書,CR詠ZY,3_VBS,5,13,19,24,28,-,615,728,-,1:43,122,2D,-,2023/10/12,梅とら,くれいじー  ,,0.884561854
146,11026,既,glow,1_L/n,5,11,17,22,26,25,875,987,855,2:39,85,3D,5,2023/6/23,keeno,ぐろう  ,,0.811258779
147,24006,書,Glory Steady Go!,4_WxS,7,12,18,25,30,-,738,875,-,1:39,131,2D,-,2021/8/20,キノシタ,ぐろーりーすてでぃごー  ,,0.877642783
148,29003,書,群青讃歌,9_oth,7,13,17,24,27,-,711,833,-,1:39,168,2D/3D,6,2021/9/30,Eve,ぐんじょうさんか  ,,0.451312164
149,25002,書,携帯恋話,5_25,8,12,18,25,29,-,981,1131,-,2:19,150,2D,-,2020/10/15,まふまふ,けいたいれんわ,,0.044171294
150,23014,書,下剋上,3_VBS,8,12,18,25,30,-,1228,1245,-,2:35,185,2D,-,2023/6/10,Misumi,げこくじょう  ,,0.640280796
151,23008,書,月光,3_VBS,5,12,18,25,29,-,1058,1159,-,2:37,109,2D,-,2022/5/20,キタニタツヤ×はるまきごはん,げっこう  ,,0.214515476
152,13027,既,恋は戦争,3_VBS,8,12,16,23,27,-,1081,1262,-,2:23,175,-,-,2023/10/6,ryo,こいはせんそう  ,,0.224003055
153,10150,公,合成するミライ,0_VS,7,12,19,25,30,-,969,1094,-,2:15,170,-,-,2024/6/24,阿修,ごうせいするみらい  ,,0.595102557
154,23024,書,光線歌,3_VBS,6,12,17,24,28,-,700,889,-,2:00,138,2D,-,2025/5/31,Guiano,こうせんか  ,,0.887369842
155,11016,既,ゴーストルール,1_L/n,9,14,19,27,33,-,1174,1473,-,2:22,210,-,-,2021/12/30,DECO*27,ごーすとるーる  ,,0.509513966
156,10178,既,Call!!,0_VS,5,12,17,25,28,-,549,765,-,1:42,108,原曲,-,2025/3/31,沫尾,こーる  ,,0.962281613
157,13034,既,コールボーイ,3_VBS,6,13,17,25,29,-,809,836,-,2:04,109,-,-,2024/10/5,syudou,こーるぼーい  ,,0.855916469
158,10084,既,ココロ,0_VS,6,12,16,24,28,-,945,1090,-,2:22,140*,-,-,2023/2/27,トラボルタ,こころ  ,,0.186548097
159,15026,既,心做し,5_25,5,12,16,22,26,-,676,832,-,2:19,84,-,-,2023/8/28,蝶々P,こころなし  ,,0.734844059
160,12016,既,心予報,2_MMJ,6,12,18,24,28,28,909,1060,1318,2:14,143,原曲/2D,-,2022/3/2,Eve,こころよほう  ,,0.855934565
161,14030,既,古書屋敷殺人事件,4_WxS,6,12,18,24,28,-,823,974,-,2:02,140,-,-,2024/2/22,てにをは,こしょやしきさつじんじけん  ,,0.333150909
162,19003,書,コスモスパイス,9_oth,7,12,17,25,31,-,849,1092,-,2:10,165,2D,-,2022/5/3,ピノキオピー,こすもすすぱいす  ,,0.503013326
163,10063,既,こちら、幸福安心委員会です。,0_VS,6,12,18,24,28,-,898,1096,-,2:26,128,-,-,2022/10/9,うたたP,こちらこうふくあんしんいいんかいです  ,,0.115111038
164,10186,既,Connecting,0_VS,6,12,16,23,27,-,616,792,-,2:03,91,原曲,-,2025/5/23,halyosy,こねくてぃんぐ  ,,0.430647795
165,14042,既,このふざけた素晴らしき世界は、僕の為にある,4_WxS,7,14,17,25,29,-,946,1093,-,2:03,152,-,-,2025/6/9,n.k,このふざけたすばらしきせかいはぼくのためにある  ,,0.827248021
166,10081,既,Copycat,0_VS,5,11,16,23,26,-,752,997,-,2:06,137,原曲,-,2023/2/10,CircusP,こぴーきゃっと  ,,0.96671707
167,14037,既,混沌ブギ,4_WxS,9,14,19,25,30,33,962,1189,1615,2:04,190,3D,5,2024/12/29,jon-YAKITORY,こんとんぶぎ  ,,0.91058522
168,10119,公,CIRCUS PANIC!!!,0_VS,6,13,19,27,32,-,1083,1239,-,2:18,136*,-,-,2023/9/4,サツキ,さーかすぱにっく,,0.532189548
169,25007,書,再生,5_25,5,11,15,22,26,-,458,547,-,1:43,76,3D,5,2021/9/29,ピコン,さいせい  ,,0.359630447
170,24016,書,サイバーパンクデッドボーイ,4_WxS,7,13,19,27,30,-,917,1014,-,2:03,157,2D,-,2024/1/23,マイキP,さいばーぱんくでっどぼーい  ,,0.466310818
171,15038,既,サイハテ,5_25,6,12,17,23,28,-,840,999,-,2:11,146,原曲,-,2025/1/5,小林オニキス,さいはて  ,,0.922753608
172,21012,書,the WALL,1_L/n,8,13,17,25,30,-,815,1019,-,1:52,183,3D,5,2022/11/18,buzzG,ざうぉーる  ,,0.20472838
173,39005,既,Sage,9_oth,9,13,21,29,32,36,1259,1352,1812,2:31,145,-,-,2024/1/18,かめりあ,さげ,,0.260485718
174,11027,既,サマータイムレコード,1_L/n,9,13,19,24,28,-,1107,1404,-,2:29,178,-,-,2023/8/15,じん,さまーたいむれこーど  ,,0.770745756
175,25014,書,ザムザ,5_25,5,13,18,25,30,-,779,937,-,1:55,121,2D/3D,5,2023/3/28,てにをは,ざむざ  ,,0.939908939
176,12029,既,さよならプリンセス,2_MMJ,8,14,19,26,30,-,812,1131,-,1:59,195,原曲,-,2023/12/4,Kai,さよならぷりんせす  ,,0.646308145
177,19005,書,サラマンダー,9_oth,8,12,18,25,30,-,1186,1454,-,2:38,172,2D,-,2022/5/5,DECO*27,さらまんだー  ,,0.417270039
178,20003,書,去り人達のワルツ,0_VS,8,13,17,23,28,-,672,798,-,1:40,178,-,-,2021/12/15,mothy,さりびとたちのわるつ  ,,0.154444273
179,10089,既,39,0_VS,9,13,18,24,29,-,1139,1339,-,2:23,175,原曲,-,2023/3/9,sasakure.UK×DECO*27,さんきゅー,,0.12411411
180,10012,既,39みゅーじっく！,0_VS,6,11,16,23,28,-,839,1039,-,1:59,130,原曲,-,2020/10/16,みきとP,さんきゅーみゅーじっく  ,,0.805895481
181,10041,既,サンドリヨン 10th Anniversary,0_VS,6,12,17,25,29,-,735,913,-,1:58,147,-,-,2022/1/1,Dios/シグナルP,さんどりよんてんすあにばーさりー  ,,0.43019509
182,10167,公,シークレット・シーカー,0_VS,8,13,18,26,30,-,894,1019,-,1:55,180,-,-,2024/12/16,ヤマギシコージ,しーくれっとしーかー  ,,0.404469241
183,10043,公,ジウダス,0_VS,7,12,18,25,28,-,769,898,-,1:43,198,-,-,2022/2/21,すこやか大聖堂,じうだす  ,,0.107285643
184,10104,既,Sharing The World,0_VS,6,11,17,23,27,-,937,1122,-,2:31,129,-,-,2023/5/12,BIGHEAD,しぇありんぐざわーるど  ,,0.205067877
185,15018,既,ジェヘナ,5_25,6,13,18,25,31,31,1177,1253,1633,2:34,128,原曲/2D,-,2022/9/12,wotaku,じぇへな  ,,0.839917909
186,39002,既,the EmpErroR,9_oth,9,15,23,31,36,-,1223,1593,-,2:07,240,原曲,-,2022/1/9,sasakure.UK,じえんぺらー  ,,0.628436338
187,15003,既,自傷無色,5_25,5,10,17,22,26,-,614,829,-,1:44,120,2D/3D,3,2020/9/30,ササノマリイ,じしょうむしょく  ,,0.519374197
188,10036,公,しっくおぶはうす！,0_VS,7,13,17,26,30,-,1107,1313,-,2:22,170,-,-,2021/10/22,オゾン,しっくおぶはうす  ,,0.484856307
189,15040,既,失敗作少女,5_25,5,12,18,25,29,-,805,986,-,2:06,120*,3D,5,2025/5/12,かいりきベア,しっぱいさくしょうじょ  ,,0.706835452
190,23004,書,シネマ,3_VBS,6,12,18,24,29,29,616,800,992,1:47,124,2D/3D,5,2021/5/8,Ayase,しねま  ,,0.394073957
191,29004,書,Journey,9_oth,6,12,18,25,29,-,1285,1322,-,2:46,128,2D/3D,6,2022/9/30,DECO*27,じゃーにー,,0.085693163
192,13004,既,Just Be Friends,3_VBS,6,11,17,23,28,-,811,989,-,2:13,128,2D,-,2020/10/3,Dixie Flatline,じゃすとびーふれんず  ,,0.943067537
193,25003,書,ジャックポットサッドガール,5_25,9,13,18,26,29,-,647,767,-,1:24,204,原曲/2D,-,2020/10/20,syudou,じゃっくぽっとさっどがーる  ,,0.159296722
194,15036,既,Shadow Shadow,5_25,6,12,16,23,27,-,601,783,-,2:09,135,3D,5,2024/10/9,Azari,しゃどうしゃどう  ,,0.718625341
195,13040,既,紗痲,3_VBS,8,13,18,26,30,-,1088,1192,-,2:10,160,-,-,2025/5/9,煮ル果実,しゃま  ,,0.169840697
196,15001,既,シャルル,5_25,6,11,17,23,28,28,701,824,1000,1:44,145,3D,2,2020/9/30,バルーン,しゃるる  ,,0.123639284
197,10010,既,ジャンキーナイトタウンオーケストラ,0_VS,6,13,18,26,31,-,1070,1374,-,2:22,145,-,-,2020/10/12,すりぃ,じゃんきーないとたうんおーけすとら  ,,0.29901882
198,13025,既,シャンティ,3_VBS,6,13,18,25,30,-,942,1187,-,2:11,144,原曲,-,2023/5/19,wotaku,しゃんてぃ  ,,0.356961699
199,22019,書,JUMPIN’ OVER !,2_MMJ,7,12,17,24,28,-,858,863,-,1:49,170,2D/3D,5,2024/2/27,r-906,じゃんぴんおーばー  ,,0.430855062
200,11038,既,終焉逃避行,1_L/n,6,12,18,25,29,-,721,816,-,1:40,147,-,-,2025/2/1,柊マグネタイト,しゅうえんとうひこう  ,,0.902560849
201,10137,公,十六歳の心臓,0_VS,8,14,20,27,31,-,1162,1470,-,2:16,190,-,-,2024/2/13,TakoyakiKZY,じゅうろくさいのしんぞう  ,,0.995641836
202,13028,既,春嵐,3_VBS,6,14,20,27,30,-,1095,1184,-,2:20,140,原曲,-,2023/11/6,john,しゅんらん  ,,0.813170923
203,20012,書,嬢王,0_VS,9,15,24,31,33,36,1266,1456,1972,2:23,200*,原曲,-,2024/3/22,八王子P,じょうおう  ,,0.30493389
204,12015,既,少女レイ,2_MMJ,7,14,17,24,27,27,1168,1400,1300,2:40,150,2D/3D,3,2022/1/2,みきとP,しょうじょれい  ,,0.698850508
205,20009,書,ショウタイム×オーディエンス,0_VS,9,14,18,25,30,-,1091,1220,-,2:03,220,-,-,2023/12/11,瀬名航,しょうたいむおーでぃえんす  ,,0.385171223
206,24007,書,ショウタイム・ルーラー,4_WxS,9,13,19,25,31,-,819,1063,-,1:49,204,2D/3D,5,2021/10/29,カラスヤサボウ,しょうたいむるーらー  ,,0.024900951
207,10147,公,シルバーコレクター,0_VS,8,13,19,26,32,-,1113,1178,-,2:12,180,-,-,2024/4/22,Shu,しるばーこれくたー  ,,0.77309641
208,12026,既,白い雪のプリンセスは,2_MMJ,9,14,17,24,29,-,1273,1478,-,2:20,200,3D,5,2023/9/11,のぼる↑,しろいゆきのぷりんせすは  ,,0.242671347
209,12023,既,深海少女,2_MMJ,6,12,16,23,27,-,867,994,-,2:25,137,原曲,-,2023/4/7,ゆうゆ,しんかいしょうじょ  ,,0.668209299
210,10114,公,新人類,0_VS,6,13,19,27,31,-,1285,1298,-,2:37,144,-,-,2023/8/3,まらしぃ×じん× 堀江晶太(kemu),しんじんるい  ,,0.350799391
211,10107,公,人生,0_VS,9,14,23,31,37,-,1441,2242,-,2:29,185*,-,-,2023/6/2,gcmstype (アンメルツP),じんせい  ,,0.368260979
212,10133,公,心泥夢(syndrome),0_VS,7,12,19,27,31,-,1221,1383,-,2:41,123,-,-,2024/1/22,宮森文学,しんどろーむ,,0.73501519
213,11017,既,心拍数♯0822,1_L/n,5,11,16,23,27,-,675,843,-,2:03,114,2D,-,2022/1/24,蝶々P,しんぱくすうぜろはちにーにー  ,,0.343680696
214,10112,公,心拍ペアリング,0_VS,6,11,17,23,28,-,575,696,-,1:27,134,-,-,2023/7/14,雪乃イト,しんぱくぺありんぐ  ,,0.405443067
215,21024,書,Sympathy,1_L/n,8,13,17,24,28,29,723,860,1043,1:38,184,2D,-,2025/3/30,Eve,しんぱしー  ,,0.499608063
216,14002,既,スイートマジック,4_WxS,5,12,18,24,27,25,920,1224,1126,2:29,123,2D/3D,5,2020/9/30,Junky,すいーとまじっく  ,,0.655933339
217,10155,公,彗星ノ銀河,0_VS,5,11,16,21,26,-,688,699,-,2:04,85,-,-,2024/8/19,マツシタレオ,すいせいのぎんが  ,,0.065415213
218,15039,既,スーサイドパレヱド,5_25,8,13,19,26,31,32,918,1063,1493,1:56,176,-,-,2025/4/14,ユリイ・カノン,すーさいどぱれゑど  ,,0.904264067
219,22020,書,Supernova,2_MMJ,5,13,17,24,28,27,750,890,1016,2:10,105,2D/3D,5,2024/6/18,雄之助×春野,すーぱーのゔぁ  ,,0.504045753
220,12034,既,スーパーヒーロー,2_MMJ,6,13,20,25,29,-,904,909,-,1:55,132,原曲,-,2024/9/9,Guiano,すーぱーひーろー  ,,0.206499705
221,14027,既,すきなことだけでいいです,4_WxS,6,12,18,26,31,-,1081,1223,-,2:35,140,3D,3,2023/10/8,ピノキオピー,すきなことだけでいいです  ,,0.069478264
222,10109,公,スターダストメドレー,0_VS,7,13,20,26,30,-,1215,1366,-,2:23,170,-,-,2023/6/16,きさら,すたーだすとめどれー  ,,0.788227421
223,21007,書,STAGE OF SEKAI,1_L/n,8,12,17,25,30,-,1005,1156,-,2:02,190,2D/3D,5,2021/11/18,針原翼 (はりーP),すてーじおぶせかい  ,,0.972657153
224,21002,書,ステラ,1_L/n,8,13,17,26,30,31,955,1190,1553,2:13,197,2D/3D,5,2020/10/18,じん,すてら  ,,0.726938456
225,21023,書,SToRY,1_L/n,8,13,18,25,29,-,705,784,-,1:37,192,2D,-,2025/2/6,DECO*27,すとーりー  ,,0.890300038
226,10085,既,ストロボラスト,0_VS,5,12,16,23,28,-,726,866,-,2:12,120,-,-,2023/2/28,椎名もた,すとろぼらすと  ,,0.806135658
227,10047,既,砂の惑星,0_VS,5,11,16,23,27,-,873,1062,-,2:14,95,原曲,-,2022/4/1,ハチ,すなのわくせい  ,,0.367031525
228,12038,既,snooze,2_MMJ,7,13,19,26,32,33,961,1142,1429,2:07,150,-,-,2025/1/2,wotaku,すぬーず,,0.717370452
229,10078,既,SnowMix♪,0_VS,8,12,18,27,30,-,1321,1441,-,2:38,185,原曲,-,2023/2/4,まらしぃ,すのうみっくす,,0.684685904
230,10097,既,スノーマン,0_VS,6,12,18,24,29,-,1001,1243,-,2:24,127,-,-,2023/4/4,halyosy,すのーまん  ,,0.853364912
231,24021,書,スマイル*シンフォニー,4_WxS,5,12,17,24,28,-,594,667,-,1:34,122,2D,-,2025/2/3,DECO*27,すまいるしんふぉにー  ,,0.812990103
232,21020,書,すれすれ,1_L/n,6,11,16,23,26,-,521,595,-,1:37,86,2D/3D,5,2024/4/28,すこっぷ,すれすれ  ,,0.775026707
233,15029,既,スロウダウナー,5_25,8,13,18,26,30,-,1054,1418,-,2:23,194,原曲,-,2023/12/25,ろくろ,すろうだうなー  ,,0.037475108
234,10115,公,ずんだパーリナイ,0_VS,7,13,19,27,31,-,1407,1522,-,2:47,170*,-,-,2023/8/4,なみぐる,ずんだぱーりない  ,,0.889979564
235,24019,書,成敗いたAAAAAす！,4_WxS,8,14,18,25,31,-,1022,1199,-,2:13,180,2D/3D,5,2024/7/15,ワンダフル☆オポチュニティ！,せいばいいたあああああす  ,,0.144172622
236,20017,書,生命性シンドロウム,0_VS,9,14,20,29,33,36,1299,1493,2357,2:13,225*,原曲,-,2024/10/10,かめりあ,せいめいせいしんどろうむ  ,,0.514527845
237,29001,書,セカイ,9_oth,6,12,18,23,27,-,735,858,-,1:52,133,3D,4,2020/9/30,DECO*27 & 堀江晶太(kemu),せかい  ,,0.62256038
238,10079,公,星界ちゃんと可不ちゃんのおつかい合騒曲,0_VS,9,14,20,29,32,-,1491,1626,-,2:34,220,-,-,2023/2/6,南ノ南,せかいちゃんとかふちゃんのおつかいがっそうきょく  ,,0.326452907
239,24001,書,セカイはまだ始まってすらいない,4_WxS,6,13,16,24,29,-,774,1027,-,2:02,138,3D,5,2020/9/30,ピノキオピー,せかいはまだはじまってすらいない  ,,0.768840087
240,24017,書,世界を照らすテトラッド,4_WxS,7,13,20,27,31,-,850,1072,-,2:02,155,2D/3D,5,2024/2/9,OSTER project,せかいをてらすてとらっど  ,,0.085711104
241,12024,既,セツナトリップ,2_MMJ,6,12,20,27,32,-,1275,1370,-,2:35,145,原曲,-,2023/5/15,Last Note.,せつなとりっぷ  ,,0.719055826
242,14031,既,1000年生きてる,4_WxS,5,13,18,23,28,-,673,757,-,1:48,100,3D,5,2024/3/25,いよわ,せんねんいきてる  ,,0.066371479
243,10050,既,千年の独奏歌,0_VS,5,11,16,23,27,-,791,906,-,2:32,108,-,-,2022/4/4,yanagi,せんねんのどくそうか  ,,0.278234811
244,10021,既,千本桜,0_VS,7,14,20,26,32,-,1000,1257,-,2:04,154,-,-,2021/1/1,黒うさP,せんぼんざくら,,0.089673042
245,10030,公,そうだった！！,0_VS,8,14,19,27,31,-,1175,1297,-,2:07,192,-,-,2021/8/6,タケノコ少年,そうだった  ,,0.145001244
246,25023,書,そこに在る、光。,5_25,6,12,16,22,27,-,403,408,-,1:36,132,2D,-,2025/1/28,DECO*27,そこにあるひかり  ,,0.571642834
247,21022,書,その音が鳴るなら,1_L/n,9,13,18,25,29,-,952,958,-,1:51,213,2D,-,2024/10/31,石風呂,そのおとがなるなら  ,,0.904728445
248,15022,既,それがあなたの幸せとしても,5_25,5,11,16,22,26,-,615,814,-,2:08,077*,2D,-,2023/1/3,Heavenz,それがあなたのしあわせとしても  ,,0.247503047
249,10057,公,それでもいいんだよ,0_VS,6,12,17,24,29,-,897,1009,-,2:08,132,-,-,2022/8/26,Ponchi♪,それでもいいんだよ  ,,0.51041029
250,21021,書,それでも僕らは歌うことをやめない,1_L/n,8,13,18,26,30,-,705,814,-,1:38,182,2D,-,2024/9/20,葵木ゴウ,それでもぼくらはうたうことをやめない  ,,0.119331838
251,12017,既,ダーリンダンス,2_MMJ,7,12,17,25,30,-,824,912,-,1:43,153,2D,-,2022/4/25,かいりきベア,だーりんだんす  ,,0.379613328
252,10151,公,ダイジョブですか？,0_VS,9,15,23,31,34,37,1495,1674,2555,2:31,224*,-,-,2024/7/9,cosMo@暴走P,だいじょぶですか  ,,0.815729047
253,11008,既,タイムマシン,1_L/n,6,11,16,23,27,-,719,903,-,2:05,126,2D/3D,5,2021/2/10,1640mP (164×40mP),たいむましん  ,,0.044160835
254,14026,既,太陽系デスコ,4_WxS,7,13,17,23,28,-,1018,1188,-,2:26,150,原曲,-,2023/7/12,ナユタン星人,たいようけいですこ  ,,0.415540903
255,13024,既,絶え間なく藍色,3_VBS,6,12,17,24,28,-,1002,1089,-,2:23,125,原曲,-,2023/4/21,獅子志司,たえまなくあいいろ  ,,0.100925848
256,14004,既,脱法ロック,4_WxS,7,13,18,26,31,-,972,1145,-,2:02,155,原曲/2D,-,2020/10/4,Neru,だっぽうろっく  ,,0.967014957
257,10060,既,ダブルラリアット,0_VS,6,11,16,23,27,-,936,1115,-,2:22,138,-,-,2022/10/4,アゴアニキ,だぶるらりあっと  ,,0.72368637
258,12032,既,だめにんげんだ!,2_MMJ,8,13,19,26,30,-,917,976,-,2:02,179,原曲,-,2024/5/24,薄塩指数,だめにんげんだ  ,,0.040372913
259,10034,既,だれかの心臓になれたなら,0_VS,7,12,18,25,29,-,811,1044,-,1:57,145,原曲,-,2021/10/9,ユリイ・カノン (月詠み),だれかのしんぞうになれたなら  ,,0.570327752
260,14005,既,ダンスロボットダンス,4_WxS,8,13,18,26,30,-,927,1057,-,1:42,190,2D/3D,3,2020/10/7,ナユタン星人,だんすろぼっとだんす  ,,0.674392096
261,10145,既,だんだん早くなる,0_VS,7,13,18,24,28,-,851,918,-,2:21,160*,-,-,2024/4/4,40mP,だんだんはやくなる  ,,0.435080027
262,22015,書,チームメイト,2_MMJ,8,12,18,24,30,-,803,1090,-,1:52,180,2D,-,2023/6/20,HoneyWorks,ちーむめいと  ,,0.473496558
263,13036,既,CH4NGE,3_VBS,6,11,17,24,28,-,789,1101,-,2:15,115,原曲,-,2025/1/1,Giga,ちぇんじ  ,,0.186561681
264,10065,既,Change me,0_VS,6,12,17,23,28,-,1019,1247,-,2:27,135,-,-,2022/11/4,shu-t,ちぇんじ みー  ,,0.758874169
265,14035,既,ちがう!!!,4_WxS,8,13,18,26,31,-,930,1074,-,1:58,181,3D,5,2024/9/2,カルロス袴田(サイゼP),ちがう  ,,0.879738598
266,12011,既,地球最後の告白を,2_MMJ,8,13,18,25,31,32,884,1164,1643,2:08,190*,2D,-,2021/7/19,kemu,ちきゅうさいごのこくはくを  ,,0.110088158
267,14038,既,厨病激発ボーイ,4_WxS,9,13,19,27,32,-,1118,1355,-,2:11,190*,-,-,2025/1/14,れるりり,ちゅうびょうげきはつぼーい  ,,0.575808391
268,14007,既,チュルリラ・チュルリラ・ダッダッダ！,4_WxS,9,13,18,26,31,-,1246,1401,-,2:23,220,2D/3D,4,2021/1/3,和田たけあき(くじらP),ちゅるりらちゅるりらだっだっだ  ,,0.015364363
269,39007,既,超最終鬼畜妹フランドール・Ｓ,9_oth,9,14,20,28,32,35,1175,1270,1914,2:03,210,原曲,-,2024/5/3,ビートまりお×まろん,ちょうさいしゅうきちくいもうとふらんどーるえす  ,,0.002602459
270,39009,既,超ナイト・オブ・ナイツ,9_oth,8,13,20,27,33,36,1201,1403,1782,2:11,193,-,-,2025/5/5,ビートまりお×まろん,ちょうないとおぶないつ  ,,0.228704502
271,13011,既,チルドレンレコード,3_VBS,9,14,19,27,32,-,1234,1502,-,2:08,210,3D,5,2021/8/23,じん,ちるどれんれこーど  ,,0.450586919
272,10184,既,チルノのパーフェクトさんすう学園,0_VS,9,13,18,26,31,33,999,1199,1599,2:07,179,2D,-,2025/5/3,ビートまりお×まろん,ちるののぱーふぇくとさんすうがくえん  ,,0.871632197
273,10124,既,番凩,0_VS,6,12,17,24,27,-,716,892,-,2:05,128*,-,-,2023/10/9,hinayukki@仕事してP,つがいこがらし  ,,0.634437657
274,12003,既,ツギハギスタッカート,2_MMJ,6,11,16,24,28,-,854,861,-,2:03,139,2D/3D,3,2020/9/30,とあ,つぎはぎすたっかーと  ,,0.515875804
275,10125,既,Dear,0_VS,6,12,17,23,28,-,1032,1233,-,2:30,134,-,-,2023/10/11,19`s Sound Factory,でぃあー,,0.289259434
276,25024,書,D/N/A,5_25,7,12,18,26,31,-,913,1276,-,2:09,150,2D,-,2025/3/20,Azari,でぃーえぬえー  ,,0.026731749
277,10113,既,Decade,0_VS,6,11,16,24,30,-,839,1057,-,2:25,127,-,-,2023/7/28,Dixie Flatline,でぃけいど,,0.357927061
278,13021,既,帝国少女,3_VBS,5,11,17,24,28,-,962,1178,-,2:28,118,2D,-,2022/11/1,R Sound Design,ていこくしょうじょ  ,,0.188737002
279,10116,公,Disco No.39,0_VS,6,13,19,26,30,-,950,1115,-,2:14,145,-,-,2023/8/10,Rulmry.,でぃすこなんばーさーてぃーないん,,0.002750982
280,15020,既,泥中に咲く,5_25,5,11,17,22,26,-,646,761,-,2:26,85,2D,-,2022/10/28,針原翼 (はりーP),でいちゅうにさく  ,,0.115592677
281,13020,既,DAYBREAK FRONTLINE,3_VBS,6,12,19,25,29,29,1102,1179,1352,2:19,136,2D/3D,5,2022/10/10,Orangestar,でいぶれいくふろんとらいん  ,,0.726573857
282,11002,既,テオ,1_L/n,9,14,19,27,32,-,997,1221,-,1:56,185,3D,5,2020/9/30,Omoi,てお  ,,0.782340459
283,10187,既,テトリス,0_VS,7,13,19,25,29,29,653,814,938,1:34,170,-,-,2025/6/2,柊マグネタイト,てとりす  ,,0.361192405
284,10123,既,デビルじゃないもん,0_VS,7,12,19,26,29,-,854,879,-,2:01,154,原曲,-,2023/10/7,DECO*27 × ピノキオピー,でびるじゃないもん  ,,0.451301857
285,21010,書,てらてら,1_L/n,8,13,18,24,30,-,1035,1262,-,2:16,190,2D,-,2022/7/21,和田たけあき,てらてら  ,,0.732208555
286,10001,既,Tell Your World,0_VS,5,10,16,22,26,25,961,1147,1353,2:03,150,3D,1,2020/9/30,livetune,てるゆあわーるど  ,,0.905797984
287,14011,既,テレキャスタービーボーイ,4_WxS,8,13,18,25,29,31,726,898,1159,1:38,182,原曲/2D,-,2021/10/6,すりぃ,てれきゃすたーびーぼーい  ,,0.579791616
288,11028,既,天樂,1_L/n,9,13,18,25,29,-,1396,1554,-,2:31,232,原曲,-,2023/10/2,ゆうゆ,てんがく  ,,0.116408237
289,22004,書,天使のクローバー,2_MMJ,9,13,17,27,31,-,985,1235,-,1:58,193,2D/3D,5,2021/3/30,DIVELA,てんしのくろーばー  ,,0.69877807
290,10080,公,天使の翼。,0_VS,6,12,18,24,28,-,1072,1340,-,2:49,125,-,-,2023/2/7,A4。,てんしのつばさ  ,,0.151220973
291,14036,既,転生林檎,4_WxS,6,12,20,25,29,-,851,879,-,1:53,145,原曲,-,2024/10/7,ピノキオピー,てんせいりんご  ,,0.258495266
292,11032,既,東京テディベア,1_L/n,9,13,18,28,31,34,1172,1449,2024,2:15,204,2D/3D,5,2024/5/13,Neru,とうきょうてでぃべあ  ,,0.191599813
293,14041,既,とうほう☆ワンダーランド,4_WxS,9,13,18,26,31,32,806,1086,1488,1:52,200,2D,-,2025/5/4,ビートまりお×まろん,とうほうわんだーらんど  ,,0.988872252
294,11039,既,透明エレジー,1_L/n,9,12,17,25,30,-,848,1058,-,2:03,220,3D,5,2025/3/17,n-buna,とうめいえれじー  ,,0.506799442
295,10046,既,ドーナツホール 2024,0_VS,9,14,18,25,29,33,1046,1328,1792,2:18,252,原曲,-,2022/3/31,ハチ,どーなつほーるにーまるにーよん  ,,0.32627005
296,20013,書,ときめきジェットコースター,0_VS,8,13,19,27,31,-,1016,1234,-,2:05,180,-,-,2024/5/10,picco,ときめきじぇっとこーすたー  ,,0.350908914
297,10033,既,トキヲ・ファンカ,0_VS,6,11,18,25,28,29,780,859,997,1:48,120,原曲,-,2021/10/7,takamatt,ときをふぁんか  ,,0.436305598
298,19004,書,徳川カップヌードル禁止令,9_oth,8,13,19,27,31,-,1065,1241,-,2:08,178,2D,-,2022/5/4,Mitchie M,とくがわかっぷぬーどるきんしれい  ,,0.164538922
299,15032,既,ド屑,5_25,5,12,18,25,28,-,844,817,-,2:01,115,原曲,-,2024/3/4,なきそ,どくず  ,,0.871023174
300,13002,既,ドクター＝ファンクビート,3_VBS,8,13,19,27,32,-,984,1198,-,2:07,150*,2D,-,2020/9/30,nyanyannya (大天才P),どくたーふぁんくびーと  ,,0.866626287
301,15007,既,とても痛い痛がりたい,5_25,6,13,18,23,28,-,817,915,-,1:53,140,-,-,2021/1/5,EZFG,とてもいたいいたがりたい  ,,0.854321717
302,15025,既,とても素敵な六月でした,5_25,9,12,18,24,29,-,1273,1491,-,2:34,210,3D,5,2023/6/26,Eight,とてもすてきなろくがつでした  ,,0.469384436
303,10092,既,トラッシュ・アンド・トラッシュ！,0_VS,9,13,19,27,31,-,1022,1181,-,2:18,220*,原曲,-,2023/3/30,和田たけあき (くらげP),とらっしゅあんどとらっしゅ ,,0.034557564
304,13010,既,トラフィック・ジャム,3_VBS,6,13,18,24,28,-,896,1089,-,2:10,130,原曲/2D,-,2021/6/30,煮ル果実,とらふぃっくじゃむ  ,,0.681602853
305,11007,既,ドラマツルギー,1_L/n,7,12,17,25,29,-,747,862,-,1:35,149,原曲,-,2020/12/28,Eve,どらまつるぎー  ,,0.130056395
306,12009,既,どりーみんチュチュ,2_MMJ,6,13,17,23,27,-,873,1074,-,2:20,128,原曲/2D,-,2021/4/12,emon(Tes.),どりーみんちゅちゅ  ,,0.614468432
307,22011,書,DREAM PLACE,2_MMJ,6,12,17,25,29,-,937,1172,-,2:22,136,3D,5,2022/10/19,EasyPop,どりーむぷれいす  ,,0.031460814
308,25009,書,トリコロージュ,5_25,7,13,18,24,28,-,860,999,-,2:05,130,2D,-,2022/1/21,煮ル果実,とりころーじゅ  ,,0.817832645
309,12019,既,トリノコシティ,2_MMJ,6,11,17,23,27,-,753,852,-,1:57,135,-,-,2022/10/8,40mP,とりのこしてぃ  ,,0.58898812
310,14040,既,ドレミファロンド,4_WxS,6,12,17,23,27,-,690,961,-,2:10,125,原曲,-,2025/3/24,40mP,どれみふぁろんど  ,,0.431692441
311,13007,既,drop pop candy,3_VBS,6,12,17,25,29,-,773,902,-,1:46,130,3D,4,2021/2/15,GigaReol,どろっぷぽっぷきゃんでぃー  ,,0.478165477
312,25017,書,トワイライトライト,5_25,8,13,17,22,26,-,520,619,-,1:47,88,2D/3D,5,2023/11/1,とあ,とわいらいとらいと  ,,0.464520962
313,24005,書,トンデモワンダーズ,4_WxS,9,14,19,27,32,33,1122,1224,1631,2:04,172*,2D/3D,5,2021/6/19,sasakura.UK,とんでもわんだーず  ,,0.223306442
314,39003,既,Don't Fight The Music,9_oth,9,15,23,30,35,-,1545,1888,-,2:40,200*,-,-,2022/1/10,黒魔,どんとふぁいとざみゅーじっく  ,,0.956940526
315,10171,公,夏に透明,0_VS,6,13,17,24,28,-,691,788,-,2:01,128,-,-,2025/1/21,Twinfield,なつにとうめい  ,,0.764868458
316,20015,書,夏夜ノ唄,0_VS,5,13,16,23,28,-,695,787,-,2:02,103,-,-,2024/8/23,平田義久,なつよのうた  ,,0.677794854
317,10099,公,名も無き革命,0_VS,8,12,18,24,29,-,995,1099,-,2:03,185,-,-,2023/4/14,シアン・キノ,なもなきかくめい  ,,0.960829264
318,14013,既,ナンセンス文学,4_WxS,7,11,18,25,29,-,856,1180,-,2:12,154,原曲/2D,-,2022/2/24,Eve,なんせんすぶんがく  ,,0.692705498
319,10128,既,難聴系男子が倒せない,0_VS,7,12,17,25,30,-,1028,1234,-,2:22,150,3D,1,2023/12/18,ラマーズP,なんちょうけいだんしがたおせない  ,,0.582747568
320,12004,既,ニア,2_MMJ,6,11,16,22,27,-,702,841,-,1:56,128,3D,3,2020/10/2,夏代孝明,にあ  ,,0.885023446
321,21001,書,needLe,1_L/n,7,12,17,25,29,-,889,1029,-,1:55,190,3D,5,2020/9/30,DECO*27,にーどる  ,,0.822190087
322,24003,書,ニジイロストーリーズ,4_WxS,9,13,18,25,29,-,881,1054,-,2:02,230*,2D,-,2020/12/20,OSTER project,にじいろすとーりーず  ,,0.943720601
323,25018,書,25時の情熱,5_25,5,11,17,22,25,-,625,725,-,1:59,86,2D/3D,5,2023/12/29,カンザキイオリ,にじゅうごじのじょうねつ  ,,0.071745688
324,24008,書,にっこり^^調査隊のテーマ,4_WxS,8,12,18,27,31,-,1026,1195,-,2:06,180,2D/3D,5,2022/1/19,ワンダフル☆オポチュニティ！,にっこりちょうさたいのてーま  ,,0.752657666
325,25025,書,虚無さん,5_25,5,13,18,24,29,-,650,899,-,1:34,115,2D/3D,5,2025/5/6,¿?shimon,にひるさん  ,,0.514482357
326,29006,書,NEO,9_oth,8,13,19,25,29,32,939,988,1365,2:06,190,2D/3D,6,2023/9/30,じん,ねお  ,,0.490607305
327,10002,既,ネクストネスト,0_VS,6,13,18,27,30,-,983,1131,-,2:07,128,-,-,2020/9/30,さつき が てんこもり,ねくすとねすと  ,,0.616661657
328,15034,既,熱異常,5_25,8,13,18,27,32,-,978,1197,-,2:02,183,3D,5,2024/5/17,いよわ,ねついじょう  ,,0.488734997
329,29007,書,熱風,9_oth,8,13,16,23,29,31,871,925,1207,1:53,192,2D/3D,6,2024/9/30,kemu,ねっぷう  ,,0.586383276
330,14022,既,ネトゲ廃人シュプレヒコール,4_WxS,8,13,18,25,31,-,1156,1463,-,2:29,175,-,-,2022/12/30,さつき が てんこもり,ねとげはいじんしゅぷれひこーる  ,,0.001333312
331,10101,既,眠らせ姫からの贈り物,0_VS,6,12,18,24,27,-,904,1003,-,2:15,126,-,-,2023/5/4,mothy,ねむらせひめからのおくりもの  ,,0.016087291
332,10054,既,脳漿炸裂ガール,0_VS,7,13,18,28,32,-,1349,1500,-,2:24,155,原曲,-,2022/6/30,れるりり,のうしょうさくれつがーる  ,,0.654366948
333,10164,公,脳天,0_VS,7,12,17,23,27,-,901,975,-,1:56,144,-,-,2024/10/28,ムラタシユウ,のうてん  ,,0.313060338
334,13026,既,脳内革命ガール,3_VBS,9,13,18,27,31,-,1189,1269,-,2:20,240,3D,5,2023/7/24,MARETU,のうないかくめいがーる  ,,0.764745754
335,12002,既,Nostalogic,2_MMJ,6,12,17,23,29,-,719,985,-,2:00,140,2D,-,2020/9/30,yuukiss,のすたろじっく  ,,0.382569265
336,10170,既,のだ,0_VS,6,12,18,25,30,33,918,927,1346,2:01,142,原曲,-,2025/1/4,大漠波新,のだ  ,,0.650615599
337,25010,書,ノマド,5_25,5,11,16,23,26,-,515,592,-,1:32,90,3D,5,2022/3/28,バルーン,のまど  ,,0.460437014
338,15021,既,ノンブレス・オブリージュ,5_25,6,12,18,26,31,-,1071,1203,-,2:10,148,3D,5,2022/12/5,ピノキオピー,のんぶれすおぶりーじゅ  ,,0.545711596
339,21017,書,purpose,1_L/n,6,12,18,24,28,-,720,812,-,1:49,130,2D/3D,5,2023/10/29,doriko,ぱーぱす  ,,0.846536019
340,10032,既,拝啓ドッペルゲンガー,0_VS,9,13,19,28,32,-,1368,1654,-,2:35,181,-,-,2021/10/5,kemu,はいけいどっぺるげんがー  ,,0.692710896
341,11030,既,ハイドアンド・シーク,1_L/n,7,12,17,24,28,-,764,898,-,2:05,138,-,-,2024/1/9,19`s Sound Factory,はいどあんどしーく  ,,0.598723783
342,10091,既,Highlight,0_VS,5,11,16,23,28,-,596,690,-,1:37,130,原曲,-,2023/3/20,KIRA,はいらいと  ,,0.80968951
343,22017,書,はぐ,2_MMJ,6,13,18,24,29,-,851,983,-,2:10,120,2D,-,2023/10/31,MIMI,はぐ  ,,0.518690036
344,25011,書,バグ,5_25,9,13,19,26,32,31,1101,1343,1490,2:08,186,2D,-,2022/6/10,かいりきベア,ばぐ  ,,0.156391997
345,25021,書,化けの花,5_25,8,13,18,27,31,-,875,1003,-,1:58,180,2D,-,2024/10/12,なきそ,ばけのはな  ,,0.158671746
346,24013,書,箱庭のコラル,4_WxS,6,12,17,23,27,-,862,981,-,2:10,138,3D,5,2023/5/29,koyori,はこにわのこらる  ,,0.217533116
347,20018,書,はじまりの未来,0_VS,7,12,17,24,28,-,972,1111,-,2:15,156,2D,-,2024/12/28,40mP × sasakure.UK,はじまりのみらい  ,,0.42604729
348,10139,既,ハジメテノオト,0_VS,5,12,16,23,26,-,539,639,-,2:11,100,-,-,2024/3/9,malo,はじめてのおと  ,,0.146421918
349,11029,既,初めての恋が終わる時,1_L/n,8,12,17,25,29,-,822,995,-,2:15,180,-,-,2023/12/28,ryo,はじめてのこいがおわるとき  ,,0.457615412
350,22022,書,はしる! とおく! とどく!,2_MMJ,8,13,17,25,29,-,742,957,-,1:49,182,2D/3D,5,2024/12/19,薄塩指数,はしるとおくとどく  ,,0.080414457
351,24009,書,88☆彡,4_WxS,9,13,18,26,29,32,1088,1188,1388,2:07,175,2D,-,2022/4/11,まらしい × 堀江晶太(kemu),はちじゅうはち,,0.22170119
352,10176,既,Packaged,0_VS,6,12,16,22,26,-,739,839,-,2:09,125,-,-,2025/3/9,kz,ぱっけーじど  ,,0.981437452
353,13017,既,PaⅢ.SENSATION,3_VBS,8,12,17,24,29,-,1032,1244,-,2:14,180,2D/3D,4,2022/4/18,雄之助,ぱっしょねーとすりーどっとせんせんせーしょん  ,,0.269242525
354,15033,既,Bad Apple!! feat.SEKAI,5_25,7,11,18,24,29,31,883,1181,1328,2:26,138,2D,-,2024/5/4,ビートまりお×まろん×まらしぃ,ばっどあっぷるふぃーちゃりんぐ せかい  ,,0.771277516
355,10062,既,Bad ∞ End ∞ Night,0_VS,9,14,18,25,29,-,875,1018,-,1:58,204*,原曲,-,2022/10/7,ひとしずく×やま△,ばっどえんどないと  ,,0.510121384
356,10037,既,初音天地開闢神話,0_VS,9,14,20,28,33,-,1581,2021,-,3:02,240,原曲,-,2021/11/5,cosMo@暴走P,はつねてんちかいびゃくしんわ  ,,0.599979618
357,10027,既,初音ミクの激唱,0_VS,9,14,20,30,34,-,1520,1742,-,2:41,200,-,-,2021/3/30,cosMo@暴走P,はつねみくのげきしょう  ,,0.164513915
358,10004,既,初音ミクの消失,0_VS,9,15,22,30,35,-,1502,1666,-,2:24,240,-,-,2020/9/30,cosMo@暴走P,はつねみくのしょうしつ  ,,0.754145892
359,12001,既,ハッピーシンセサイザ,2_MMJ,6,11,18,24,28,29,859,1136,1205,2:13,127,2D/3D,4,2020/9/30,EasyPop,はっぴーしんせさいざ  ,,0.299416969
360,10136,既,ハッピーチートデー,0_VS,5,12,17,23,26,-,645,817,-,2:02,124,原曲,-,2024/2/10,れるりり,はっぴーちーとでー  ,,0.195822775
361,12013,既,Happy Halloween,2_MMJ,5,12,16,25,31,26,827,987,832,2:04,120,原曲,-,2021/10/30,Junky,はっぴーはろうぃん  ,,0.76678249
362,11033,既,抜錨,1_L/n,6,12,17,24,28,-,831,954,-,2:05,140,3D,5,2024/6/3,ナナホシ管弦楽団,ばつびょう  ,,0.465509224
363,13035,既,花溺れ,3_VBS,6,12,17,26,29,-,780,895,-,2:06,128,-,-,2024/12/23,shikisai,はなおぼれ  ,,0.610950395
364,13039,既,花に風,3_VBS,6,13,17,24,28,-,755,960,-,2:09,148,3D,-,2025/4/8,バルーン,はなにかぜ  ,,0.956362291
365,10028,公,花を唄う,0_VS,6,12,19,25,30,-,807,878,-,1:51,115,-,-,2021/4/26,シノ,はなをうたう  ,,0.947674599
366,10066,既,パラジクロロベンゼン,0_VS,6,13,18,24,28,-,916,1063,-,2:29,125*,-,-,2022/11/21,ガルナ (オワタP),ぱらじくろろべんぜん  ,,0.672104278
367,22010,書,パラソルサイダー,2_MMJ,8,13,17,25,30,-,796,880,-,1:31,176,2D,-,2022/8/10,ナナホシ管弦楽団,ぱらそるさいだー  ,,0.090004964
368,10165,公,パリィ,0_VS,6,12,18,27,31,-,963,1024,-,2:04,140,-,-,2024/11/25,宮森文学,ぱりぃ  ,,0.841061402
369,10086,既,パレットには君がいっぱい,0_VS,5,11,17,25,28,-,900,966,-,2:14,120,-,-,2023/3/1,椎名もた,ぱれっとにはきみがいっぱい  ,,0.21786474
370,10182,既,バレリーコ,0_VS,7,13,17,25,29,-,965,1115,-,2:09,150,原曲,-,2025/4/5,みきとP,ばれりーこ  ,,0.437229196
371,21003,書,霽れを待つ,1_L/n,7,12,17,26,31,-,974,1106,-,1:54,168,2D,-,2021/1/10,Orangestar,はれをまつ  ,,0.151801125
372,20019,書,ハローセカイ,0_VS,7,12,17,24,28,-,621,759,-,1:--,0,2D,-,2025/2/9,DECO*27,はろーせかい  ,,0.634419137
373,10020,既,＊ハロー、プラネット。,0_VS,6,10,17,24,29,-,931,1076,-,1:58,150,原曲,-,2020/12/31,sasakure.UK,はろーぷらねっと,,0.989006781
374,11023,既,"Hello, Worker",1_L/n,7,12,17,25,28,-,773,918,-,1:43,168,3D,5,2023/2/20,KEI,はろーわーかー  ,,0.458198802
375,11015,既,"Hello,world!",1_L/n,9,13,17,25,29,-,900,949,-,1:41,211,2D,-,2021/10/13,藤原 基央,はろーわーるど,,0.693546094
376,15002,既,ハロ／ハワユ,5_25,5,10,15,22,27,-,690,851,-,2:27,95,-,-,2020/9/30,ナノウ,はろはわゆ  ,,0.409273621
377,10172,既,パンダヒーロー,0_VS,8,13,18,24,30,-,820,1003,-,1:40,190,-,-,2025/1/22,ハチ,ぱんだひーろー  ,,0.713054915
378,10008,既,Hand in Hand,0_VS,6,13,16,23,28,28,809,1072,1020,2:04,128,原曲,-,2020/10/8,livetune,はんどいんはんど  ,,0.538033706
379,10131,既,ヒアソビ,0_VS,9,13,18,27,31,-,1053,1116,-,2:12,134,原曲,-,2024/1/2,かめりあ,ひあそび  ,,0.681810457
380,10049,既,ピアノ×フォルテ×スキャンダル,0_VS,6,11,18,26,30,-,1042,1142,-,2:12,135,-,-,2022/4/3,OSTER project,ぴあのふぉるてすきゃんだる  ,,0.369498919
381,21008,書,Peaky Peaky,1_L/n,6,12,18,25,28,-,747,855,-,1:46,132,2D,-,2022/2/18,みきとP,ぴーきーぴーきー  ,,0.8070903
382,29005,書,Be The MUSIC!,9_oth,6,12,20,26,29,-,1121,1247,-,2:36,128,2D,-,2023/4/1,キノシタ,びーざみゅーじっく  ,,0.30929386
383,23005,書,Beat Eater,3_VBS,6,11,17,25,29,28,772,798,852,1:40,137,2D,-,2021/7/9,ポリスピカデリー,びーといーたー  ,,0.102249514
384,10118,既,HERO,0_VS,8,13,19,26,31,-,1194,1278,-,2:03,190,原曲,-,2023/9/1,Ayase,ひーろー  ,,0.135048471
385,15010,既,ビターチョコデコレーション,5_25,7,12,19,25,32,-,1059,1377,-,2:09,174,2D/3D,5,2021/7/28,syudou,びたーちょこでこれーしょん  ,,0.502825856
386,10069,公,陽だまりのセツナ,0_VS,8,12,17,23,28,-,932,1105,-,1:56,217,-,-,2022/12/12,赤乃わい,ひだまりのせつな  ,,0.88504821
387,23013,書,ひつじがいっぴき,3_VBS,9,13,17,25,28,-,1120,1305,-,2:09,200,2D,-,2023/2/19,Peg,ひつじがいっぴき  ,,0.429106506
388,15006,既,独りんぼエンヴィー,5_25,6,11,16,22,26,-,544,589,-,1:15,132,2D/3D,3,2020/12/14,koyori (電ポルP),ひとりんぼえんゔぃー  ,,0.025163928
389,11003,既,ヒバナ -Reloaded-,1_L/n,9,14,19,28,32,34,808,1060,1351,1:35,200,2D,-,2020/9/30,DECO*27,ひばなりろーでっど,,0.60008648
390,12005,既,ビバハピ,2_MMJ,6,12,17,24,29,-,597,722,-,1:34,148,2D,-,2020/10/11,Mitchie M,びばはぴ  ,,0.97583497
391,10024,既,ヒビカセ,0_VS,7,12,17,25,28,-,898,1019,-,1:55,140,原曲,-,2021/1/18,GigaReol,ひびかせ  ,,0.242145108
392,23017,書,Beyond the way,3_VBS,7,13,17,25,28,-,737,900,-,1:57,125,2D/3D,5,2023/12/8,Giga,びよんどざうぇい  ,,0.58300574
393,23023,書,ファイアダンス,3_VBS,6,12,18,25,29,-,606,680,-,1:32,140,2D,-,2025/1/25,DECO*27,ふぁいあだんす  ,,0.380936619
394,39008,既,Fire◎Flower (Rerec),9_oth,8,13,17,25,29,-,734,863,-,1:44,175*,2D/3D,6,2025/3/2,halyosy,ふぁいあふらわー  ,,0.425476993
395,22023,書,FUN!!,2_MMJ,8,13,17,25,29,-,622,744,-,1:35,186,2D,-,2025/1/31,DECO*27,ふぁん,,0.38257475
396,14012,既,フィクサー,4_WxS,6,12,19,26,32,-,948,1118,-,2:03,135,2D,-,2021/12/28,ぬゆり,ふぃくさー  ,,0.796717558
397,10185,公,フィッシュアンドTips,0_VS,7,13,19,26,30,-,833,1052,-,2:03,160,-,-,2025/5/19,ど～ぱみん,ふぃっしゅあんどちっぷす  ,,0.874108954
398,24015,書,フィラメントフィーバー,4_WxS,6,13,18,25,29,-,864,952,-,1:54,134*,2D/3D,5,2023/11/28,栗山夕璃,ふぃらめんとふぃーばー  ,,0.414308163
399,12022,既,Booo!,2_MMJ,9,14,18,25,29,-,823,860,-,1:38,220,2D,-,2023/3/7,TOKOTOKO(西沢さんP),ぶー  ,,0.997174547
400,13022,既,フェレス,3_VBS,9,13,18,26,30,31,1374,1397,1744,2:20,220,原曲/2D,-,2023/1/5,栗山夕璃 (蜂屋ななし),ふぇれす  ,,0.116937361
401,15019,既,フォニイ,5_25,7,13,18,24,29,-,1064,1244,-,2:24,170,2D,-,2022/10/3,ツミキ,ふぉにい  ,,0.724335735
402,39004,既,folern,9_oth,9,12,21,30,32,35,1392,1486,1794,2:21,200,-,-,2024/1/11,ぬゆり,ふぉれん,,0.355003412
403,23002,書,Forward,3_VBS,6,11,16,24,28,-,737,895,-,1:55,140,2D/3D,5,2020/12/8,R Sound Design,ふぉわーど  ,,0.467434766
404,10122,既,豚になってyeah yeah,0_VS,5,12,17,24,28,-,705,778,-,2:01,115,3D,1,2023/10/5,Neru,ぶたになっていえいいえい,,0.238715656
405,23021,書,フューエル,3_VBS,7,13,17,25,29,-,698,930,-,1:42,156,2D/3D,5,2024/10/29,鬱P,ふゅーえる  ,,0.612924851
406,29009,書,フュージョン,9_oth,8,13,18,27,30,34,1056,1184,1555,2:04,188,2D,-,2025/2/15,DECO*27,ふゅーじょん  ,,0.872940968
407,10058,既,フューチャー・イヴ,0_VS,9,13,19,27,32,-,1462,1628,-,2:33,190,原曲,-,2022/9/2,sasakure.UK,ふゅーちゃーいゔ  ,,0.189067192
408,21014,書,Flyway,1_L/n,8,12,17,24,29,30,1011,1088,1396,2:09,190,2D,-,2023/1/21,halyosy,ふらいうぇい  ,,0.851590156
409,23007,書,Flyer!,3_VBS,9,12,18,24,29,30,861,1083,1189,2:03,188,2D/3D,5,2022/2/16,Chinozo,ふらいやー  ,,0.361582597
410,13003,既,フラジール,3_VBS,6,11,17,24,28,-,863,1040,-,2:04,127,2D/3D,2,2020/9/30,ぬゆり,ふらじーる  ,,0.36720056
411,10162,既,Blackjack,0_VS,6,13,17,25,31,-,921,1021,-,2:10,114,-,-,2024/10/8,ゆちゃP,ぶらっくじゃっく  ,,0.637465185
412,10052,既,ブラック★ロックシューター,0_VS,7,12,16,24,27,-,695,930,-,1:55,165,原曲,-,2022/5/10,ryo (supercell),ぶらっくろっくしゅーたー  ,,0.748529506
413,10177,公,プラネットヒーロー,0_VS,9,13,19,28,33,-,1128,1467,-,2:01,200,-,-,2025/3/14,打打だいず+いるかアイス,ぷらねっとひーろー  ,,0.714420099
414,10025,公,Brand New Day,0_VS,9,14,19,28,32,35,1260,1316,1894,2:11,185,-,-,2021/2/22,いるかアイス,ぶらんどにゅーでい  ,,0.907954426
415,10073,既,FREELY TOMORROW,0_VS,6,11,16,24,29,-,905,1121,-,2:18,129,原曲,-,2023/1/1,Mitchie M,ふりーりーとぅもろー  ,,0.304829363
416,14001,既,ブリキノダンス,4_WxS,8,13,18,25,30,-,852,967,-,1:40,172,3D,3,2020/9/30,日向電工,ぶりきのだんす  ,,0.882973646
417,10106,既,Blue Star,0_VS,6,12,17,25,29,-,1046,1163,-,2:27,132,原曲,-,2023/5/26,八王子P,ぶるーすたー  ,,0.52657998
418,10117,既,ブループラネット,0_VS,8,13,19,26,30,-,1287,1357,-,2:16,186,3D,1,2023/8/31,DECO*27,ぶるーぷらねっと  ,,0.859936682
419,21013,書,フレー,1_L/n,7,13,17,26,30,-,1067,1328,-,2:19,168,2D,-,2022/11/26,HoneyWorks,ふれー  ,,0.929672456
420,10022,既,ブレス・ユア・ブレス,0_VS,7,13,17,24,29,-,696,873,-,1:35,152,原曲,-,2021/1/4,和田たけあき,ぶれすゆあぶれす  ,,0.266467661
421,10005,既,Blessing,0_VS,5,11,16,23,27,-,859,986,-,2:13,110,原曲,-,2020/9/30,halyosy,ぶれっしんぐ  ,,0.884073889
422,23018,書,blender,3_VBS,5,12,16,23,27,-,812,781,-,2:16,103,2D/3D,5,2024/3/28,こめだわら×R Sound Design,ぶれんだー  ,,0.256881521
423,10056,既,フロイライン＝ビブリォチカ,0_VS,9,14,18,27,31,-,1222,1456,-,2:26,185,-,-,2022/7/30,nyanyannya (大天才P),ふろいらいんびぶりぉちか  ,,0.093875316
424,12031,既,flos,2_MMJ,6,12,18,23,27,-,694,893,-,2:05,118,3D,5,2024/3/11,R Sound Design,ふろーす  ,,0.873004687
425,22012,書,フロート・プランナー,2_MMJ,6,13,17,23,27,-,685,832,-,1:44,138,2D,-,2022/11/30,Heavenz,ふろーとぷらんなー  ,,0.336188125
426,10169,既,プロトディスコ,0_VS,6,12,18,26,32,34,913,1057,1404,2:10,140,-,-,2024/12/31,ぬゆり,ぷろとでぃすこ  ,,0.253085835
427,21005,書,フロムトーキョー,1_L/n,6,12,18,24,28,-,640,814,-,1:40,130,3D,5,2021/7/7,夏代孝明,ふろむとーきょー  ,,0.236466963
428,11009,既,from Y to Y,1_L/n,5,11,16,24,27,-,847,982,-,2:36,98,-,-,2021/3/22,ジミーサムP,ふろむわいとぅわい  ,,0.627834322
429,23022,書,ヘイヴン,3_VBS,7,12,19,26,30,-,875,977,-,1:57,144,2D/3D,5,2025/1/19,煮ル果実,へいゔん  ,,0.288974083
430,10076,既,p.h.,0_VS,6,12,18,24,29,-,739,872,-,1:51,132,原曲,-,2023/1/23,SEVENTHLINKS,ぺーはー,,0.040754406
431,15012,既,ベノム,5_25,7,13,18,26,29,-,972,1138,-,2:09,152,-,-,2021/10/4,かいりきベア,べのむ  ,,0.532534752
432,10148,既,"Help me, ERINNNNNN!!",0_VS,8,13,19,26,30,32,1168,1318,1564,2:26,185,2D,-,2024/5/5,ビートまりお×まろん,へるぷみーえーりん  ,,0.340888629
433,11037,既,Henceforth,1_L/n,7,12,18,25,29,-,916,1057,-,2:06,158,3D,5,2025/1/10,Orangestar,へんすふぉーす  ,,0.476785895
434,14003,既,ぼうけんのしょがきえました！,4_WxS,8,13,19,26,31,-,951,1092,-,1:51,176,原曲/2D,-,2020/9/30,ワンダフル☆オポチュニティ！,ぼうけんのしょがきえました  ,,0.063438635
435,24020,書,ぼくのかみさま,4_WxS,6,13,17,24,28,27,792,876,989,2:04,140,2D,-,2024/11/20,羽生まゐご,ぼくのかみさま  ,,0.068608004
436,10055,既,ぼくらの16bit戦争,0_VS,6,13,17,28,33,-,1379,1521,-,2:28,122,原曲,-,2022/7/1,sasakure.UK,ぼくらのしっくすてぃーんびっとうぉーず,,0.079711736
437,11018,既,僕らまだアンダーグラウンド,1_L/n,7,12,18,25,28,-,920,1035,-,2:02,148,原曲/2D,-,2022/3/4,Eve,ぼくらまだあんだーぐらうんど,,0.957379255
438,10067,既,星屑ユートピア,0_VS,9,12,17,25,30,-,1183,1308,-,2:12,240,-,-,2022/11/25,otetsu,ほしくずゆーとぴあ  ,,0.472062381
439,24011,書,星空オーケストラ,4_WxS,9,12,17,23,29,-,1057,1159,-,2:05,200,3D,5,2023/1/19,水野あつ,ほしぞらおーけすとら  ,,0.695226676
440,24010,書,星空のメロディー,4_WxS,5,11,16,24,27,-,713,821,-,1:48,113,3D,5,2022/6/28,ぽりふぉ,ほしぞらのめろでぃー  ,,0.854559638
441,10183,公,星宙メランコリア,0_VS,8,13,18,26,30,-,1004,1166,-,2:03,196,-,-,2025/4/18,yuichi NAGAO,ほしぞらめらんこりあ  ,,0.580184363
442,14008,既,ポジティブ☆ダンスタイム,4_WxS,9,14,18,26,31,-,965,1154,-,1:56,210,2D,-,2021/2/19,キノシタ,ぽじてぃぶだんすたいむ  ,,0.226558354
443,21016,書,星を繋ぐ,1_L/n,7,12,18,24,28,27,753,821,1035,1:37,174,2D,-,2023/7/21,40mP × 一二三 (12340mP),ほしをつなぐ  ,,0.2474857
444,15008,既,ボッカデラベリタ,5_25,7,13,18,25,29,-,884,1119,-,1:57,170,2D,-,2021/3/6,柊キライ,ぼっかでらべりた  ,,0.457950322
445,12033,既,ポッピンキャンディ☆フィーバー！,2_MMJ,8,13,19,26,31,-,1140,1323,-,2:09,190,原曲,-,2024/7/1,キノシタ,ぽっぴんきゃんでぃふぃーばー  ,,0.091019991
446,24002,書,potatoになっていく,4_WxS,5,11,17,24,29,25,721,863,703,1:48,116,2D/3D,5,2020/11/7,Neru,ぽてとになっていく  ,,0.903582018
447,20005,書,ボトルケーキ,0_VS,5,11,16,24,28,-,640,759,-,1:56,107,-,-,2023/8/25,ライブP,ぼとるけーき  ,,0.871705691
448,13030,既,マーシャル・マキシマイザー,3_VBS,9,14,18,26,29,-,694,895,-,1:35,190,3D,5,2024/1/29,柊マグネタイト,まーしゃるまきしまいざー  ,,0.815035205
449,39006,既,MarbleBlue.,9_oth,9,14,21,30,33,37,1437,1460,2500,2:43,198.22,-,-,2024/1/25,MisoilePunch♪,まーぶるぶるー  ,,0.471851945
450,15035,既,マインドブランド,5_25,7,13,17,24,28,-,764,1023,-,2:05,156,3D,5,2024/7/29,MARETU,まいんどぶらんど  ,,0.640826185
451,20001,書,magic number,0_VS,6,11,18,25,30,-,818,988,-,1:51,120,2D,-,2021/9/1,伊東 健人,まじっくなんばー  ,,0.514605078
452,12012,既,マシュマリー,2_MMJ,8,11,18,26,29,-,1123,1303,-,2:13,182,2D,-,2021/10/10,MIMI,ましゅまりー  ,,0.30615971
453,20002,書,マシンガンポエムドール,0_VS,9,14,23,31,35,-,1730,1819,-,2:21,220,原曲*7,-,2021/10/3,cosMo@暴走P,ましんがんぽえむどーる  ,,0.637744757
454,23010,書,街,3_VBS,6,12,16,23,27,-,668,769,-,1:43,128,2D/3D,5,2022/7/19,jon-YAKITORY,まち  ,,0.976006696
455,10045,既,マトリョシカ,0_VS,9,13,18,25,30,-,887,1104,-,1:46,205,原曲,-,2022/3/30,ハチ,まとりょしか  ,,0.150473298
456,10121,既,まにまに,0_VS,7,13,19,25,29,-,893,1014,-,1:54,174,原曲,-,2023/10/3,r-906,まにまに  ,,0.986430768
457,10098,既,魔法みたいなミュージック！,0_VS,9,12,18,25,31,-,1080,1271,-,2:21,210,原曲,-,2023/4/10,OSTER project,まほうみたいなみゅーじっく  ,,0.510193403
458,12040,既,回る空うさぎ,2_MMJ,5,12,16,21,26,-,607,607,-,2:12,120,-,-,2025/4/22,Orangestar,まわるそらうさぎ  ,,0.773965555
459,10180,既,マンハッタン,0_VS,6,14,18,27,32,-,901,1247,-,2:11,140,-,-,2025/4/3,wotaku,まんはったん  ,,0.390476721
460,10094,既,METEOR,0_VS,7,14,19,25,30,-,1160,1323,-,2:20,170,-,-,2023/4/1,DIVELA,みーてぃあ,,0.449756981
461,13038,既,三日月ステップ,3_VBS,7,12,17,25,28,-,891,969,-,2:02,167,原曲,-,2025/3/3,r-906,みかづきすてっぷ  ,,0.376624691
462,10166,既,みかぼし,0_VS,7,12,17,24,30,-,984,1114,-,2:11,188,-,-,2024/12/2,3106,みかぼし  ,,0.407237837
463,10053,公,未完成讃歌,0_VS,8,12,18,27,31,-,1324,1585,-,2:36,188,-,-,2022/6/24,しゃいと,みかんせいさんか  ,,0.462412881
464,10035,既,右肩の蝶,0_VS,6,12,18,25,31,-,1058,1315,-,2:13,140,-,-,2021/10/11,のりぴー,みぎかたのちょう  ,,0.379621938
465,10044,既,Miku,0_VS,6,12,17,24,29,-,990,1106,-,2:36,128,3D,6,2022/3/9,Anamanaguchi,みく  ,,0.774579035
466,10026,既,みくみくにしてあげる♪【してやんよ】,0_VS,7,12,17,24,28,29,739,939,1039,1:41,160,-,-,2021/3/9,ika,みくみくにしてあげる  ,,0.819692083
467,24012,書,Mr. Showtime,4_WxS,9,14,19,26,31,-,1341,1497,-,2:19,218,2D,-,2023/3/11,ひとしずく×やま△,みすたーしょうたいむ  ,,0.903081376
468,23006,書,ミライ,3_VBS,6,12,18,24,28,-,1017,1281,-,2:39,138,2D/3D,5,2021/12/29,有機酸,みらい  ,,0.589678891
469,14006,既,ミラクルペイント,4_WxS,9,12,18,25,30,-,1300,1437,-,2:26,215,原曲/2D,-,2020/10/13,OSTER project,みらくるぺいんと  ,,0.192907347
470,12008,既,ミルククラウン・オン・ソーネチカ,2_MMJ,7,13,18,26,30,-,1025,1226,-,2:15,127.5,2D,-,2021/2/6,ユジー,みるくくらうんおんそーねちか  ,,0.401971515
471,10173,既,結ンデ開イテ羅刹ト骸,0_VS,7,13,18,24,29,-,826,903,-,2:10,169.33,-,-,2025/1/23,ハチ,むすんでひらいてらせつとむくろ,,0.683222971
472,10138,公,明鏡止水,0_VS,7,12,18,23,28,-,728,938,-,2:03,150,-,-,2024/3/8,旅路,めいきょうしすい  ,,0.432643033
473,10160,既,メインキャラクター,0_VS,8,12,17,25,29,-,951,1043,-,1:55,192,原曲,-,2024/10/4,*Luna,めいんきゃらくたー  ,,0.346314158
474,10159,既,メズマライザー,0_VS,8,13,20,26,31,-,1218,1451,-,2:06,185,原曲,-,2024/10/2,サツキ,めずまらいざー  ,,0.416435537
475,22008,書,メタモリボン,2_MMJ,5,11,16,23,26,-,580,685,-,1:44,123,2D,-,2022/3/11,emon(Tes.),めたもりぼん  ,,0.888428683
476,10163,公,メモリア,0_VS,9,15,23,31,34,37,1637,1771,2117,2:40,205,-,-,2024/10/21,Aira,めもりあ  ,,0.287398568
477,12027,既,メランコリック,2_MMJ,6,13,16,24,27,-,917,1100,-,2:28,140,原曲,-,2023/10/4,Junky,めらんこりっく  ,,0.341906361
478,10152,公,メリーゴーラウンド,0_VS,5,12,18,26,29,-,874,1024,-,2:19,116,-,-,2024/7/22,加賀 (ネギシャワーP),めりーごーらうんど  ,,0.668991123
479,15017,既,メリュー,5_25,6,11,15,22,26,-,632,983,-,2:20,130,3D,3,2022/7/4,n-buna,めりゅー  ,,0.451271272
480,12006,既,メルティランドナイトメア,2_MMJ,6,12,17,24,27,-,934,959,-,1:58,140,3D,5,2020/10/25,はるまきごはん,めるてぃらんどないとめあ  ,,0.13776755
481,10003,既,メルト,0_VS,7,12,17,25,29,-,1363,1586,-,3:02,170,-,-,2020/9/30,ryo (supercell),めると  ,,0.742446503
482,22002,書,モア！ジャンプ！モア！,2_MMJ,9,13,18,26,31,30,1011,1257,1518,2:04,202,2D,-,2020/11/19,ナユタン星人,もあじゃんぷもあ  ,,0.574772718
483,12037,既,妄想アスパルテーム,2_MMJ,7,12,17,25,30,-,828,1134,-,1:59,170,原曲,-,2024/11/5,picco,もうそうあすぱるてーむ  ,,0.422068691
484,15016,既,妄想感傷代償連盟,5_25,7,12,16,23,27,26,908,966,1092,2:21,110,原曲/2D,-,2022/5/13,DECO*27,もうそうかんしょうだいしょうれんめい  ,,0.056990136
485,11035,既,モザイクロール (Reloaded),1_L/n,6,13,17,24,29,-,871,876,-,2:05,148,3D,5,2024/10/1,DECO*27,もざいくろーるりろーでっど,,0.486312695
486,22018,書,MOTTO!!!,2_MMJ,6,11,16,23,27,-,881,1067,-,2:22,130,2D/3D,5,2024/1/15,Junky,もっと  ,,0.789419103
487,10188,既,モニタリング,0_VS,8,13,18,26,29,-,901,973,-,2:13,132,原曲,-,2025/6/16,DECO*27,もにたりんぐ,,0.495828087
488,22014,書,ももいろの鍵,2_MMJ,7,13,19,26,31,-,1073,1187,-,2:12,165,2D/3D,5,2023/4/28,いよわ,ももいろのかぎ  ,,0.592391754
489,10088,公,ヤミナベ!!!!,0_VS,9,15,23,31,37,-,1539,2015,-,2:10,264*,-,-,2023/3/4,cosMo@暴走P,やみなべ,,0.717758025
490,20011,書,幽光、1/fのゆらめき,0_VS,8,13,18,25,29,-,718,877,-,1:31,193,-,-,2024/3/18,卯花ロク,ゆうこうえふぶんのいちのゆらめき  ,,0.604077486
491,13009,既,幽霊東京,3_VBS,7,13,17,24,27,-,904,1053,-,2:13,124,-,-,2021/5/3,Ayase,ゆうれいとうきょう  ,,0.679227884
492,10075,既,夜明けと蛍,0_VS,5,10,15,22,26,-,691,852,-,2:26,80,-,-,2023/1/10,n-buna,よあけとほたる  ,,0.636431292
493,13032,既,酔いどれ知らず,3_VBS,6,13,18,24,28,29,865,1048,1120,2:16,115,3D,5,2024/4/15,Kanaria,よいどれしらず  ,,0.578619017
494,25022,書,余花にみとれて,5_25,5,11,15,21,25,-,599,613,-,2:10,83,2D/3D,5,2024/12/9,keeno,よかにみとれて  ,,0.119681202
495,10179,既,吉原ラメント 再来盤,0_VS,8,13,17,25,29,-,1135,1108,-,2:17,192,原曲,-,2025/4/2,亜沙,よしわららめんとさいらいばん  ,,0.974112067
496,13005,既,夜咄ディセイブ,3_VBS,8,14,19,26,30,-,1165,1311,-,2:20,130,原曲,-,2020/10/9,じん,よばなしでぃせいぶ  ,,0.095439013
497,11022,既,夜もすがら君想ふ,1_L/n,6,12,16,24,28,-,1004,1190,-,2:26,148,2D,-,2022/12/29,TOKOTOKO(西沢さんP),よもすがらきみおもう  ,,0.074286677
498,15009,既,夜に駆ける,5_25,6,11,18,25,30,-,932,1140,-,2:19,130,-,-,2021/5/1,Ayase,よるにかける  ,,0.363450507
499,14039,既,ライアーダンサー,4_WxS,7,12,18,26,31,-,892,1224,-,2:03,170,3D,5,2025/3/10,マサラダ,らいあーだんさー  ,,0.252463875
500,15031,既,ラグトレイン,5_25,6,13,16,23,27,25,705,920,1038,2:07,147,原曲,-,2024/2/29,稲葉曇,らぐとれいん  ,,0.035271802
501,10040,公,ラストスコア,0_VS,7,13,18,26,30,-,1050,1190,-,2:23,134,-,-,2021/12/20,せきこみごはん,らすとすこあ  ,,0.393644903
502,10120,既,ラッキー☆オーブ,0_VS,6,11,17,24,28,-,802,919,-,2:01,126,原曲,-,2023/9/25,emon(Tes.),らっきーおーぶ  ,,0.100414718
503,23003,書,RAD DOGS,3_VBS,6,12,18,26,30,-,1067,1197,-,2:20,140,2D,-,2021/1/31,八王子P,らっどどっぐす  ,,0.896483395
504,14021,既,ラブカ？,4_WxS,6,12,17,25,29,-,710,878,-,1:44,135*,3D,5,2022/11/14,柊キライ,らぶか  ,,0.665044745
505,23015,書,リアライズ,3_VBS,7,13,19,25,29,-,744,851,-,1:34,150,3D,5,2023/8/19,柊マグネタイト,りあらいず  ,,0.3133388
506,20014,書,LEADER,0_VS,6,12,17,24,28,-,763,940,-,1:50,140,-,-,2024/6/28,香椎モイミ,りーだー  ,,0.376607325
507,14015,既,リモコン,4_WxS,7,12,17,24,29,-,903,1206,-,2:13,165,-,-,2022/5/16,ワンダフル☆オポチュニティ！,りもこん  ,,0.850026151
508,21006,書,流星のパルス,1_L/n,8,13,17,25,31,-,958,1123,-,2:02,192,2D,-,2021/9/10,*Luna,りゅうせいのぱるす  ,,0.577133368
509,10134,公,リレイアウター,0_VS,7,13,18,26,30,-,960,1203,-,2:33,151*,-,-,2024/2/3,稲葉曇,りれいあうたー  ,,0.495049063
510,11034,既,林檎売りの泡沫少女,1_L/n,8,13,17,24,28,-,1009,1048,-,2:10,225.2,原曲,-,2024/7/17,yukkedoluce,りんごうりのうたかたしょうじょ  ,,0.63083045
511,10074,既,リンちゃんなう！,0_VS,9,12,18,25,30,-,1098,1409,-,2:29,200,原曲,-,2023/1/4,ガルナ (オワタP),りんちゃんなう  ,,0.114815942
512,20010,書,limbo,0_VS,8,13,19,26,31,-,900,958,-,1:42,199,-,-,2024/2/16,椎乃味醂,りんぼ  ,,0.198668169
513,13037,既,ルーマー,3_VBS,6,12,16,24,28,-,863,1015,-,2:03,140,3D,5,2025/2/21,ポリスピカデリー,るーまー  ,,0.213009485
514,10048,既,ルカルカ★ナイトフィーバー,0_VS,7,13,18,25,29,-,950,1311,-,2:19,160,-,-,2022/4/2,SAM (samfree),るかるかないとふぃーばー  ,,0.95742779
515,10175,公,ルルブ,0_VS,9,14,18,27,31,-,1143,1296,-,2:05,200,-,-,2025/2/12,藤原ハガネ,るるぶ  ,,
516,11014,既,ray,1_L/n,6,12,16,24,26,-,978,1092,-,2:11,132,2D/3D,5,2021/10/12,藤原 基央,れい  ,,
517,10013,既,Leia - Remind,0_VS,9,13,18,25,29,-,970,1155,-,2:11,190,-,-,2020/10/19,ゆよゆっぺ,れいありまいんど  ,,
518,10082,既,レイニースノードロップ,0_VS,8,14,17,25,30,-,1234,1495,-,2:31,192,3D,1,2023/2/11,Re:nG,れいにーすのーどろっぷ  ,,
519,10158,公,レイヤーノート,0_VS,5,11,16,21,27,-,563,679,-,2:08,78,-,-,2024/9/17,吉田ヨシユキ,れいやーのーと  ,,
520,21018,書,レグルス,1_L/n,6,12,18,26,29,30,949,1014,1268,2:07,146,2D/3D,5,2024/2/18,ゆうゆ,れぐるす  ,,
521,23019,書,烈火,3_VBS,6,12,16,23,27,-,786,948,-,2:20,132,2D,-,2024/4/30,niki,れっか  ,,
522,13001,既,劣等上等,3_VBS,7,12,18,25,30,-,825,952,-,1:39,160,3D,4,2020/9/30,Giga,れっとうじょうとう  ,,
523,10142,既,レッドランドマーカー,0_VS,7,13,18,26,29,-,1018,1105,-,2:08,174,原曲,-,2024/3/31,Twinfield,れっどらんどまーかー  ,,
524,23001,書,Ready Steady,3_VBS,5,10,16,25,29,-,564,667,-,1:32,115,3D,5,2020/9/30,Giga,れでぃすてでぃ  ,,
525,12007,既,恋愛裁判,2_MMJ,6,12,17,22,28,-,889,1149,-,2:13,134,原曲/2D,-,2020/12/30,40mP,れんあいさいばん  ,,
526,25008,書,ロウワー,5_25,6,12,17,26,31,30,780,850,1045,1:48,132,2D,-,2021/10/31,ぬゆり,ろうわー  ,,
527,10014,既,ローリンガール,0_VS,8,12,18,26,31,-,1156,1396,-,2:01,195,-,-,2020/11/14,wowaka,ろーりんがーる  ,,
528,11001,既,ロキ,1_L/n,7,11,17,24,29,28,827,975,1040,1:47,150,3D,5,2020/9/30,みきとP,ろき  ,,
529,11011,既,六兆年と一夜物語,1_L/n,9,14,20,29,35,-,1099,1288,-,2:04,186*,2D,-,2021/7/12,kemu,ろくちょうねんといちやものがたり  ,,
530,10031,既,炉心融解,0_VS,7,12,17,24,27,-,998,1167,-,2:04,165,-,-,2021/10/1,iroha (sakaki),ろしんゆうかい  ,,
531,11019,既,ロストエンファウンド,1_L/n,9,13,18,25,29,-,1082,1271,-,2:36,184*,3D,5,2022/8/15,sasakure.UK,ろすとえんふぁうんど,,
532,11013,既,ロストワンの号哭,1_L/n,7,14,19,26,33,-,947,1157,-,1:48,162,2D/3D,5,2021/10/2,Neru,ろすとわんのごうこく  ,,
533,12010,既,ロミオとシンデレラ,2_MMJ,7,12,17,24,28,-,856,1035,-,1:55,170,2D/3D,3,2021/6/7,doriko,ろみおとしんでれら  ,,
534,12020,既,ロンリーユニバース,2_MMJ,5,12,17,23,27,-,781,999,-,2:21,100,2D,-,2022/12/9,aqu3ra,ろんりーゆにばーす,,
535,10023,既,ワールズエンド・ダンスホール,0_VS,7,12,18,26,30,-,957,1044,-,1:43,171,-,-,2021/1/14,wowaka,わーるずえんどだんすほーる  ,,
536,29008,書,Worlders,9_oth,7,13,18,24,28,-,924,1060,-,2:13,137.5,2D,-,2025/1/29,じん,わーるだーず  ,,
537,11036,既,ワールド・ランプシェード [reunion],1_L/n,8,14,18,25,30,-,895,1155,-,2:09,193,原曲,-,2025/1/3,buzzG,わーるど・らんぷしぇーどりゆにおん,,
538,10007,既,ワールドイズマイン,0_VS,7,13,17,24,29,-,1248,1417,-,2:51,165*,-,-,2020/10/6,ryo (supercell),わーるどいずまいん  ,,
539,22007,書,ワールドワイドワンダー,2_MMJ,6,13,18,24,28,29,626,785,817,1:37,142,2D,-,2021/12/10,TOKOTOKO(西沢さんP),わーるどわいどわんだー  ,,
540,29002,書,ワーワーワールド,9_oth,7,12,17,24,29,-,789,960,-,1:49,160,3D,3,2020/9/30,Giga&Mitchie M,わーわーわーるど  ,,
541,13019,既,YY,3_VBS,7,12,17,25,29,29,976,1175,1249,2:25,123,原曲,-,2022/8/22,23.exe,わいわい  ,,
542,14028,既,我儘姫,4_WxS,6,11,18,26,30,-,1040,1188,-,2:22,126*,-,-,2023/10/25,ふじを,わがままひめ  ,,
543,10096,既,私の恋はヘルファイア,0_VS,9,13,18,27,31,-,1491,1638,-,2:30,200,3D,1,2023/4/3,SLAVE.V-V-R,わたしのこいはへるふぁいあ  ,,
544,25019,書,私は雨,5_25,6,12,18,24,28,-,823,918,-,2:05,144,2D,-,2024/4/10,稲葉曇,わたしはあめ  ,,
545,22013,書,私は、私達は,2_MMJ,7,12,18,24,27,-,712,918,-,1:48,170,3D,5,2023/2/17,Guiano,わたしはわたしたちは  ,,
546,10070,公,What's up? Pop!,0_VS,9,14,22,31,37,-,1804,2362,-,2:41,230*,-,-,2022/12/23,Capchii,わっつあっぷぽっぷ  ,,
547,22016,書,我らステインバスターズ！,2_MMJ,6,12,17,24,28,-,797,810,-,1:45,125,2D,-,2023/8/1,真島ゆろ,われらすていんばすたーず！ ,,
548,24004,書,ワンスアポンアドリーム,4_WxS,6,11,16,22,28,28,683,871,1054,1:53,132,2D,-,2021/2/28,YASUHIRO(康寛),わんすあぽんあどりーむ  ,,
549,10051,公,ONESELF,0_VS,7,14,18,27,30,-,1063,1163,-,2:09,170*,-,-,2022/4/15,Twinfield,わんせるふ  ,,
550,10108,既,Wonder Style,0_VS,6,11,18,24,28,-,888,1013,-,2:16,128,-,-,2023/6/7,colate,わんだーすたいる  ,,
551,10132,既,『んっあっあっ。』,0_VS,6,13,18,24,28,-,742,1071,-,2:08,123,原曲,-,2024/1/4,SLAVE.V-V-R,んっあっあっ,,
